Moonlight,,tt4975722
Moonlight,,tt4975722
Moonlight,,tt4975722
Moonlight,,tt4975722
Moonlight,,tt4975722
Moonlight,,tt4975722
Moonlight,,tt4975722
Moonlight,,tt4975722,376867
Moonlight,,tt4975722,376867
Moonlight,,tt4975722,376867
Moonlight,,tt4975722,376867
Moonlight,,tt4975722,376867
Moonlight,,tt4975722,376867
Moonlight,,tt4975722,376867
Moonlight,,tt4975722,376867
Moonlight,,tt4975722,376867
Moonlight,,tt4975722,376867
Moonlight,,tt4975722,376867
Moonlight,,tt4975722,376867
Moonlight,,tt4975722,376867
Moonlight,,tt4975722,376867
Moonlight,,tt4975722,376867
Moonlight,,tt4975722,376867
Moonlight,,tt4975722,376867
Moonlight,,tt4975722,376867
Moonlight,,tt4975722,376867
Moonlight,,tt4975722,376867
Moonlight,,tt4975722,376867
Moonlight,,tt4975722,376867
Moonlight,,tt4975722,376867
Moonlight,,tt4975722,376867
Moonlight,,tt4975722,376867
Moonlight,,tt4975722,376867
Moonlight,,tt4975722,376867
Moonlight,,tt4975722,376867
Moonlight,,tt4975722,376867
Moonlight,,tt4975722,376867
Moonlight,,tt4975722,376867
Moonlight,,tt4975722,376867
Moonlight,,tt4975722,376867
Moonlight,,tt4975722,376867
Moonlight,,tt4975722,376867
Moonlight,,tt4975722,376867
Moonlight,,tt4975722,376867
Moonlight,,tt4975722,376867
Moonlight,,tt4975722,376867
