978,tt6031104
979,tt6031104
980,tt6031104
192,Endless Love,tt2318092,483488
978,Hanni & Nanni 4,tt6031104,429971
979,Hanni & Nanni 4,tt6031104,429971
980,Hanni & Nanni 4,tt6031104,429971
192,Endless Love,tt2318092,483488
978,Hanni & Nanni 4,tt6031104,429971
979,Hanni & Nanni 4,tt6031104,429971
980,Hanni & Nanni 4,tt6031104,429971
192,Endless Love,tt2318092,483488
978,Hanni & Nanni 4,tt6031104,429971
979,Hanni & Nanni 4,tt6031104,429971
980,Hanni & Nanni 4,tt6031104,429971
224,Endless Love (2014),tt2318092,
353,"Harry Potter and the Deathly Hallows, Part 1",tt0926084,
373,The Hobbit: An Unexpected Journey,tt0903624,
375,The Hobbit: The Battle of the Five Armies,tt2310332,
377,The Hobbit: The Desolation of Smaug,tt1170358,
519,The Lord of the Rings: The Fellowship of the Ring,tt0120737,
825,Taken,tt0936501,
848,Thor,tt0800369,
