2,12 Angry Men,tt0050083
5,2001: A Space Odyssey,tt0062622
8,21 Grams,tt0315733
11,300,tt0416449
13,3:10 to Yuma,tt0050086
16,A Christmas Carol,tt0291816
19,A Date With Judy,tt0040271
20,A Ghost Story,tt0100625
24,A Knight's Tale,tt0183790
25,A League of Their Own,tt0104694
26,A Million Ways to Die In the West,
31,A Walk Among the Tombstones,tt0365907
36,Aliens,tt0090605
38,American Pie,tt0163651
40,Angel Heart,tt0092563
46,Apocalypse Now (Final Cut),tt0078788
51,Austin Powers In Goldmember,tt0295178
52,Austin Powers: International Man of Mystery,tt0118655
53,Avatar,tt0499549
57,Back to the Future,tt0088763
58,Back to the Future Part II,tt0096874
59,Back to the Future Part III,tt0099088
62,Basic Instinct,tt0103772
63,Batman,tt0096895
64,Batman Begins,tt0372784
65,Batman Returns,tt0103776
69,Behind Enemy Lines,tt0159273
70,Beverly Hills Cop,tt0086960
73,Big Trouble In Little China,tt0090728
77,Black Swan,tt0947798
79,Blair Witch,tt0185937
81,Blow,tt0221027
83,Bombshell,tt0023825
87,Braveheart,tt0112573
88,Breakfast At Tiffany's,tt0054698
89,Bridesmaids,
96,By the Light of the Silvery Moon,tt0045586
97,Scenes by the Sea: Takeshi Kitano,tt0314617
105,Carrie,tt0074285
107,Casablanca,tt0034583
108,Casino,tt0112641
109,Cast Away,tt0162222
111,Charlie and the Chocolate Factory,tt0367594
112,Charlie's Angels,tt0305357
114,Chicago,tt0299658
115,Child's Play,tt0068369
116,Christine,tt0051477
117,Christmas With the Kranks,tt0388419
118,Cinderella,tt0218891
119,Clerks,tt0109445
121,Clueless,tt0112697
122,Coco,tt0353313
124,Constantine,tt0360486
127,Cool Hand Luke,tt0061512
129,Cowboys & Aliens,tt0409847
130,Crank,tt0479884
132,Crash,tt0115964
136,"Crouching Tiger, Hidden Dragon",tt0190332
138,Cujo,tt0085382
141,Dallas Buyers Club,tt0790636
147,Death Becomes Her,tt0104070
150,Deep Impact,tt0120647
152,Deliver Us from Evil,tt0066040
154,Die Another Day,tt0246460
155,Die Hard,tt0095016
156,Die Hard 2: Die Harder,tt0099423
157,Die Hard: With a Vengeance,tt0112864
159,Lisa Lampanelli: Dirty Girl,tt0887148
160,Dirty Grandpa,
163,Doctor Sleep,tt0286594
168,Dr. Seuss' Horton Hears a Who!,tt0451079
169,Dr. Seuss' How the Grinch Stole Christmas,tt0060345
171,Dracula Untold,tt0829150
174,Drugstore Cowboy,tt0097240
180,Duplex,tt0266489
181,E.T. The Extra-Terrestrial,tt0083866
182,Earth Girls Are Easy,tt0097257
185,Edward Scissorhands,tt0099487
187,The Elf Who Didn't Believe,tt0123055
191,Endless Love,tt0082329
193,Erin Brockovich,tt0195685
197,Eternal Sunshine of the Spotless Mind,tt0338013
200,Evil Dead 2,tt0203132
206,Fantasy Island,
207,Fast & Furious 6,
209,Ferris Bueller's Day Off,tt0091042
210,Fiddler On the Roof,tt0067093
214,Fight Club,tt0137523
215,Final Destination,tt0195714
216,Final Destination 2,tt0309593
217,Final Destination 3,tt0414982
219,Finding Nemo,tt0266543
223,Flightplan,tt0408790
224,Footloose,tt0087277
225,Forrest Gump,tt0109830
229,Friday,tt0240517
230,Friday the 13th,tt0080761
231,Friday the 13th Part 2,tt0082418
233,Friday the 13th: The Final Chapter,tt0087298
237,Furious 7,
241,Gangs of New York,tt0217505
243,Gentlemen Prefer Blondes,tt0045810
247,Ghost,tt0099653
248,Ghost in the Shell,tt0113568
249,Ghostbusters,tt0087332
251,Ghostbusters II,tt0097428
253,Gladiator,tt0104346
255,Glengarry Glen Ross,tt0104348
257,Godzilla,tt0831387
258,GoldenEye,tt0113189
260,Good Will Hunting,tt0119217
264,Grease,tt0077631
266,Gremlins,tt0087363
267,Groundhog Day,tt0107048
272,"Hail, Caesar!",tt0475290
273,Hall Pass,tt0480687
276,Hancock,tt0448157
282,Harold & Kumar Go to White Castle,tt0366551
283,Harry Potter and the Chamber of Secrets,tt0295297
284,Harry Potter and the Deathly Hallows – Part 1,tt0926084
285,"Harry Potter and the Deathly Hallows, Part 1",tt0926084
287,Harry Potter and the Goblet of Fire,tt0330373
288,Harry Potter and the Half-Blood Prince,tt0417741
289,Harry Potter and the Order of the Phoenix,tt0373889
290,Harry Potter and the Prisoner of Azkaban,tt0304141
291,Harry Potter and the Sorcerer's Stone,tt0241527
293,Hellboy,tt0167190
300,Holiday Inn,tt0034862
302,Home Alone,tt0099785
304,Hook,tt0102057
306,Horton Hears a Who!,tt0451079
307,Hot Tub Time Machine,
309,House Party,tt0099800
310,How the Grinch Stole Christmas: The Ultimate Edition,
312,Hugo,tt0970179
315,Ice Age,tt0268380
322,Independence Day,tt0116629
325,Indiana Jones and the Raiders of the Lost Ark,tt0082971
326,Indiana Jones and the Temple of Doom,tt0087469
328,Inglourious Basterds,tt0361748
334,Interstellar,tt0816692
335,Interview With the Vampire: The Vampire Chronicles,tt0110148
344,It's a Wonderful Life,tt0038650
346,Jack Reacher,tt0790724
351,Jaws,tt0073195
352,Jigsaw,tt0056121
359,Joyeux Noel,tt0424205
360,Jumanji,tt0113497
363,Jumper,tt0489099
364,Jurassic Park,tt0107290
365,Jurassic Park III,tt0362841
366,Jurassic World,tt0369610
369,Justice League,tt0974015
372,Kickboxer,tt0097659
373,Kill Bill: Volume 1,tt0266697
374,Kill Bill: Volume 2,tt0378194
385,Labyrinth,tt0091369
386,Lara Croft Tomb Raider: The Cradle of Life,tt0325703
387,Lara Croft: Tomb Raider,tt0146316
389,Legally Blonde,tt0250494
390,"Legally Blonde 2: Red, White and Blonde",tt0333780
391,Les misérables,tt0230534
393,Lethal Weapon,tt0093409
395,Liar Liar,tt0119528
399,Lincoln,tt0443272
401,Little Fockers,tt0970866
403,Live Free or Die Hard,tt0337978
409,Love Actually,tt0314331
415,Mad Max,tt0079501
423,Mamma Mia! The Movie,tt0795421
424,Man of Steel,tt0770828
425,Manhunter,tt0071809
427,Master and Commander: The Far Side of the World,tt0311113
429,Mean Girls,tt0377092
431,Meet Me In St. Louis,tt0037059
433,Memento,tt0209144
434,Men In Black,tt0119654
436,Men In Black II,tt0120912
441,Misery,tt0100157
442,Miss Congeniality,tt0212346
443,Miss Congeniality 2: Armed and Fabulous,tt0385307
450,"Monsters, Inc.",tt0198781
453,Mr. & Mrs. Smith,tt0356910
454,Mrs. Doubtfire,tt0107614
457,My Big Fat Greek Wedding,tt0259446
459,My Cousin Vinny,tt0104952
460,My Fair Lady,tt0058385
461,National Lampoon's Christmas Vacation,tt0097958
462,Needful Things,tt0107665
463,Neighbors,tt0011508
468,No Country for Old Men,tt0477348
477,"O Brother, Where Art Thou?",tt0190590
480,Ocean's Eleven,tt0240772
481,Ocean's Thirteen,tt0496806
482,Ocean's Twelve,tt0349903
485,One True Thing,tt0120776
489,Out of Africa,tt0089755
493,Pan's Labyrinth,tt0457430
494,Paranormal Activity 4,
495,Paranormal Activity: The Ghost Dimension (New Extended Cut),
497,Parasite,tt0084472
498,Passengers,tt0269697
501,Pay It Forward,tt0223897
504,Pet Sematary,tt0098084
505,Pi,tt0138704
511,"Planes, Trains and Automobiles",
512,Pleasantville,tt0120789
513,Poltergeist,tt0084516
514,Poltergeist II: The Other Side,tt0091778
517,Practical Magic,tt0120791
519,Prime,tt0387514
520,Prince of Persia: The Sands of Time,tt0473075
525,American Psycho,tt0144084
526,Pulp Fiction,tt0110912
527,Pumpkinhead,tt0095925
528,Puss In Boots,tt0448694
529,R.I.P.D.,tt0790736
530,Radio,tt0316465
532,Rambo,tt0462499
533,Rambo III,tt0095956
534,Rambo: First Blood,tt0089880
535,Rambo: First Blood Part II,tt0089880
537,Ran,tt0089881
539,Ratatouille,tt0382932
544,Red Dragon,tt0289765
548,Requiem for a Dream,
549,Reservoir Dogs,tt0105236
550,Resident Evil,tt0120804
552,Resident Evil: Apocalypse,tt0318627
553,Resident Evil: Extinction,tt0432021
556,Riddick (Unrated Director's Cut),
559,Rings,tt0498381
565,Roman Holiday,tt0046250
574,Saving Private Ryan,tt0120815
575,Saw,tt0387564
577,Saw II,tt0432348
578,Saw III,tt0489270
579,Saw IV,tt0890870
580,Saw The Final Chapter,
585,Schindler's List,tt0108052
587,Scream,tt0117571
594,Shakespeare in Love,tt0138097
595,Shaun of the Dead,tt0365748
596,Shazam!,tt0448115
598,Sherlock Holmes,tt0988045
599,Shrek,tt0126029
600,Shrek 2,tt0298148
601,Shrek Forever After,tt0892791
602,Shrek the Third,tt0413267
605,Silence,tt0490215
606,Silent Hill: Revelation,tt0938330
609,"Sin City: Recut, Extended, Unrated",
613,Sisters,
614,Sixteen Candles,tt0088128
618,Sleepy Hollow,tt0162661
621,Snitch,tt0882977
622,Snow White & the Huntsman,
628,Space Jam,tt0117705
629,Spaceballs,tt0094012
631,Speed,tt0111257
633,Spider-Man,tt0145487
634,Spider-Man 2,tt0316654
635,Spider-Man 3,tt0413300
640,Spiral: From the Book of Saw,
647,Stardust,tt0486655
648,Stargate,tt0111282
649,Step Brothers,tt0838283
650,Stephen King's Graveyard Shift,
651,Stephen King's Silver Bullet,
652,Stephen King's Thinner,
653,Straight Outta Compton (Unrated Director's Cut),
656,Supergirl,tt0088206
657,Superman Returns,tt0348150
659,Sweeney Todd: The Demon Barber of Fleet Street,tt0408236
660,Swingers,tt0117802
661,Taken,tt0936501
662,Taken (Extended Cut),
665,Tales from the Darkside: The Movie,tt0100740
667,Taxi Driver,tt0075314
669,Ted 2,
672,Tenacious D In the Pick of Destiny,tt0365830
674,Terminator 2: Judgment Day,tt0103064
675,Terminator 3: Rise of the Machines,tt0181852
679,The 40-Year-Old Virgin,
680,The Addams Family,tt0101272
684,The Amityville Horror,tt0384806
686,The Big Lebowski,tt0118715
688,The Birdcage,tt0115685
690,The Blair Witch Project,tt0185937
691,The Boss,
692,The Bourne Identity,tt0258463
694,The Bourne Supremacy,tt0372183
695,The Bourne Ultimatum,tt0440963
696,The Boxtrolls,tt0787474
697,The Boy Who Saw the Wind,tt0784145
699,The Breakfast Club,tt0088847
703,The Cable Guy,tt0115798
706,The Cider House Rules,tt0124315
709,The Count of Monte Cristo,tt0245844
711,The Curious Case of Benjamin Button,tt0421715
712,The Da Vinci Code,tt0382625
713,The Danish Girl,tt0810819
714,The Dark Knight,tt0468569
717,The Day After Tomorrow,tt0319262
718,The Dead Zone,tt0085407
719,The Descent,tt0435625
720,The Devil Wears Prada,tt0458352
722,The Divergent Series: Allegiant,
726,The English Patient,tt0116209
729,The Family Stone,tt0356680
730,The Fast and the Furious,tt0232500
731,The Fast and the Furious: Tokyo Drift,tt0463985
733,The Fifth Element,tt0119116
734,The Fighter,tt0964517
735,The Final Destination 4,
740,The Gift,tt0219699
742,The Godfather,tt0068646
743,The Godfather Part II,tt0071562
744,The Godfather Part III: The Coppola Restoration,
751,The Grudge,tt0391198
758,The Harvey Girls,tt0038589
761,The Hitchhikers Guide to the Galaxy,
763,The Hobbit: An Unexpected Journey,tt0903624
767,The Holiday,tt0457939
768,The Host,tt0468492
774,The Hunger Games: The Ballad of Songbirds and Snakes,
776,The Huntsman: Winter's War,
777,The Incredibles,tt0317705
780,The Italian Job,tt0317740
782,The Karate Kid,tt0087538
784,The Last House on the Left (Unrated) [2009],
785,The Last of the Mohicans (Director's Definitive Cut),
790,The Limey,tt0165854
793,The Little Mermaid 2: Return to the Sea,tt0240684
797,The Lord of the Rings: The Fellowship of the Ring,tt0120737
798,The Lord of the Rings: The Return of the King,
799,The Lord of the Rings: The Two Towers,
800,The Lost Boys,tt0093437
801,The Lost World: Jurassic Park,tt0119567
803,The Matrix,tt0133093
804,The Matrix Reloaded,tt0234215
805,The Matrix Revolutions,tt0242653
809,The Midnight Meat Train,tt0805570
810,The Mummy,tt0120616
812,The Mummy: Tomb of the Dragon Emperor,tt0859163
813,The Neverending Story,tt0088323
815,The Nightmare Before Christmas,tt0107688
820,The Perfect Storm,tt0177971
822,The Polar Express,tt0338348
823,The Possession,tt0431021
824,The Prestige,tt0482571
825,The Princess Bride,tt0093779
830,The River Wild,tt0110997
831,The Rocky Horror Picture Show,tt0073629
832,The Running Man,tt0093894
833,The Sandlot,tt0108037
834,The Santa Clause,tt0111070
837,The Secret Life of Walter Mitty,tt0359950
839,The Shawshank Redemption,tt0111161
840,The Shining,tt0081505
842,The Sound of Music,tt0059742
847,The Terminator,tt0088247
851,The Town That Outlawed Christmas,tt0376932
852,The Truman Show,tt0120382
854,The Twilight Saga: Breaking Dawn - Part 1,
860,The Wizard of Oz,tt0032138
861,The Wolf of Wall Street,tt0993846
866,The World Is Not Enough,tt0143145
869,There's Something About Mary,tt0129387
872,Thor,tt0800369
875,Titanic,tt0120338
876,Tommy Boy,tt0114694
877,Tomorrow Never Dies,tt0120347
879,Top Gun,tt0092099
880,Total Recall (Newly Remastered),
881,Tower Heist,tt0471042
882,Toy Story 3,tt0435761
885,Trading Places,tt0086465
890,Tremors,tt0100814
893,Tropic Thunder,
895,Twister: A Musical Catastrophe,tt0111522
897,Tyler Perry's Boo 2! - A Madea Halloween,
898,Tyler Perry's Boo! A Madea Halloween,
904,Up In Smoke,tt0078446
908,V for Vendetta,tt0434409
910,Vegas Vacation,tt0120434
918,Wayne's World 2,tt0108525
922,Who's Afraid of Virginia Woolf?,tt0061184
927,Wonder Woman,tt0451279
929,World War Z,tt0816711
931,Wrong Turn 2,
932,X-Men,tt0120903
933,X-Men Origins: Wolverine,tt0458525
938,X-Men: The Last Stand,tt0376994
939,X2: X-Men United,tt0290334
940,xXx,tt0295701
942,Zodiac,tt0443706
944,Zoolander No. 2 (The Magnum Edition),
945,Sunshine,
946,The Fugitive,
947,Close Encounters of the Third Kind,
948,The Green Mile,
949,Paddington,
950,Knock at the Cabin,
951,Scarface,
952,Gladiator II,
953,Oppenheimer,
954,American Gangster,
955,Fall,
956,The Ministry of Ungentlemanly Warfare,
957,Ford v Ferrari,
958,Clear and Present Danger,
959,The Sum of All Fears,
960,The Hunt for Red October,
961,Abduction,
962,Alice in Wonderland,
963,Alien,
964,All the Money in the World,
965,Annabelle Comes Home,
966,Apollo 13,
967,Arthur,
968,Atomic Blonde,
969,Back to Black,
970,A Bad Moms Christmas,
971,Mystic River,tt0327056
973,Ant-Man,tt0478970
976,Dirty Harry,tt0066999
977,Hanni & Nanni 4,
978,Hanni & Nanni 4,
979,Hanni & Nanni 4,
980,Hanni & Nanni 4,
2,12 Angry Men,tt0050083
5,2001: A Space Odyssey,tt0062622
8,21 Grams,tt0315733
11,300,tt0416449
13,3:10 to Yuma,tt0050086
16,A Christmas Carol,tt0291816
19,A Date With Judy,tt0040271
20,A Ghost Story,tt0100625
24,A Knight's Tale,tt0183790
25,A League of Their Own,tt0104694
26,A Million Ways to Die In the West,
31,A Walk Among the Tombstones,tt0365907
36,Aliens,tt0090605
38,American Pie,tt0163651
40,Angel Heart,tt0092563
46,Apocalypse Now (Final Cut),tt0078788
51,Austin Powers In Goldmember,tt0295178
52,Austin Powers: International Man of Mystery,tt0118655
53,Avatar,tt0499549
57,Back to the Future,tt0088763
58,Back to the Future Part II,tt0096874
59,Back to the Future Part III,tt0099088
62,Basic Instinct,tt0103772
63,Batman,tt0096895
64,Batman Begins,tt0372784
65,Batman Returns,tt0103776
69,Behind Enemy Lines,tt0159273
70,Beverly Hills Cop,tt0086960
73,Big Trouble In Little China,tt0090728
77,Black Swan,tt0947798
79,Blair Witch,tt0185937
81,Blow,tt0221027
83,Bombshell,tt0023825
87,Braveheart,tt0112573
88,Breakfast At Tiffany's,tt0054698
89,Bridesmaids,
96,By the Light of the Silvery Moon,tt0045586
97,Scenes by the Sea: Takeshi Kitano,tt0314617
105,Carrie,tt0074285
107,Casablanca,tt0034583
108,Casino,tt0112641
109,Cast Away,tt0162222
111,Charlie and the Chocolate Factory,tt0367594
112,Charlie's Angels,tt0305357
114,Chicago,tt0299658
115,Child's Play,tt0068369
116,Christine,tt0051477
117,Christmas With the Kranks,tt0388419
118,Cinderella,tt0218891
119,Clerks,tt0109445
121,Clueless,tt0112697
122,Coco,tt0353313
124,Constantine,tt0360486
127,Cool Hand Luke,tt0061512
129,Cowboys & Aliens,tt0409847
130,Crank,tt0479884
132,Crash,tt0115964
136,"Crouching Tiger, Hidden Dragon",tt0190332
138,Cujo,tt0085382
141,Dallas Buyers Club,tt0790636
147,Death Becomes Her,tt0104070
150,Deep Impact,tt0120647
152,Deliver Us from Evil,tt0066040
154,Die Another Day,tt0246460
155,Die Hard,tt0095016
156,Die Hard 2: Die Harder,tt0099423
157,Die Hard: With a Vengeance,tt0112864
159,Lisa Lampanelli: Dirty Girl,tt0887148
160,Dirty Grandpa,
163,Doctor Sleep,tt0286594
168,Dr. Seuss' Horton Hears a Who!,tt0451079
169,Dr. Seuss' How the Grinch Stole Christmas,tt0060345
171,Dracula Untold,tt0829150
174,Drugstore Cowboy,tt0097240
180,Duplex,tt0266489
181,E.T. The Extra-Terrestrial,tt0083866
182,Earth Girls Are Easy,tt0097257
185,Edward Scissorhands,tt0099487
187,The Elf Who Didn't Believe,tt0123055
191,Endless Love,tt0082329
193,Erin Brockovich,tt0195685
197,Eternal Sunshine of the Spotless Mind,tt0338013
200,Evil Dead 2,tt0203132
206,Fantasy Island,
207,Fast & Furious 6,
209,Ferris Bueller's Day Off,tt0091042
210,Fiddler On the Roof,tt0067093
214,Fight Club,tt0137523
215,Final Destination,tt0195714
216,Final Destination 2,tt0309593
217,Final Destination 3,tt0414982
219,Finding Nemo,tt0266543
223,Flightplan,tt0408790
224,Footloose,tt0087277
225,Forrest Gump,tt0109830
229,Friday,tt0240517
230,Friday the 13th,tt0080761
231,Friday the 13th Part 2,tt0082418
233,Friday the 13th: The Final Chapter,tt0087298
237,Furious 7,
241,Gangs of New York,tt0217505
243,Gentlemen Prefer Blondes,tt0045810
247,Ghost,tt0099653
248,Ghost in the Shell,tt0113568
249,Ghostbusters,tt0087332
251,Ghostbusters II,tt0097428
253,Gladiator,tt0104346
255,Glengarry Glen Ross,tt0104348
257,Godzilla,tt0831387
258,GoldenEye,tt0113189
260,Good Will Hunting,tt0119217
264,Grease,tt0077631
266,Gremlins,tt0087363
267,Groundhog Day,tt0107048
272,"Hail, Caesar!",tt0475290
273,Hall Pass,tt0480687
276,Hancock,tt0448157
282,Harold & Kumar Go to White Castle,tt0366551
283,Harry Potter and the Chamber of Secrets,tt0295297
284,Harry Potter and the Deathly Hallows – Part 1,tt0926084
285,"Harry Potter and the Deathly Hallows, Part 1",tt0926084
287,Harry Potter and the Goblet of Fire,tt0330373
288,Harry Potter and the Half-Blood Prince,tt0417741
289,Harry Potter and the Order of the Phoenix,tt0373889
290,Harry Potter and the Prisoner of Azkaban,tt0304141
291,Harry Potter and the Sorcerer's Stone,tt0241527
293,Hellboy,tt0167190
300,Holiday Inn,tt0034862
302,Home Alone,tt0099785
304,Hook,tt0102057
306,Horton Hears a Who!,tt0451079
307,Hot Tub Time Machine,
309,House Party,tt0099800
310,How the Grinch Stole Christmas: The Ultimate Edition,
312,Hugo,tt0970179
315,Ice Age,tt0268380
322,Independence Day,tt0116629
325,Indiana Jones and the Raiders of the Lost Ark,tt0082971
326,Indiana Jones and the Temple of Doom,tt0087469
328,Inglourious Basterds,tt0361748
334,Interstellar,tt0816692
335,Interview With the Vampire: The Vampire Chronicles,tt0110148
344,It's a Wonderful Life,tt0038650
346,Jack Reacher,tt0790724
351,Jaws,tt0073195
352,Jigsaw,tt0056121
359,Joyeux Noel,tt0424205
360,Jumanji,tt0113497
363,Jumper,tt0489099
364,Jurassic Park,tt0107290
365,Jurassic Park III,tt0362841
366,Jurassic World,tt0369610
369,Justice League,tt0974015
372,Kickboxer,tt0097659
373,Kill Bill: Volume 1,tt0266697
374,Kill Bill: Volume 2,tt0378194
385,Labyrinth,tt0091369
386,Lara Croft Tomb Raider: The Cradle of Life,tt0325703
387,Lara Croft: Tomb Raider,tt0146316
389,Legally Blonde,tt0250494
390,"Legally Blonde 2: Red, White and Blonde",tt0333780
391,Les misérables,tt0230534
393,Lethal Weapon,tt0093409
395,Liar Liar,tt0119528
399,Lincoln,tt0443272
401,Little Fockers,tt0970866
403,Live Free or Die Hard,tt0337978
409,Love Actually,tt0314331
415,Mad Max,tt0079501
423,Mamma Mia! The Movie,tt0795421
424,Man of Steel,tt0770828
425,Manhunter,tt0071809
427,Master and Commander: The Far Side of the World,tt0311113
429,Mean Girls,tt0377092
431,Meet Me In St. Louis,tt0037059
433,Memento,tt0209144
434,Men In Black,tt0119654
436,Men In Black II,tt0120912
441,Misery,tt0100157
442,Miss Congeniality,tt0212346
443,Miss Congeniality 2: Armed and Fabulous,tt0385307
450,"Monsters, Inc.",tt0198781
453,Mr. & Mrs. Smith,tt0356910
454,Mrs. Doubtfire,tt0107614
457,My Big Fat Greek Wedding,tt0259446
459,My Cousin Vinny,tt0104952
460,My Fair Lady,tt0058385
461,National Lampoon's Christmas Vacation,tt0097958
462,Needful Things,tt0107665
463,Neighbors,tt0011508
468,No Country for Old Men,tt0477348
477,"O Brother, Where Art Thou?",tt0190590
480,Ocean's Eleven,tt0240772
481,Ocean's Thirteen,tt0496806
482,Ocean's Twelve,tt0349903
485,One True Thing,tt0120776
489,Out of Africa,tt0089755
493,Pan's Labyrinth,tt0457430
494,Paranormal Activity 4,
495,Paranormal Activity: The Ghost Dimension (New Extended Cut),
497,Parasite,tt0084472
498,Passengers,tt0269697
501,Pay It Forward,tt0223897
504,Pet Sematary,tt0098084
505,Pi,tt0138704
511,"Planes, Trains and Automobiles",
512,Pleasantville,tt0120789
513,Poltergeist,tt0084516
514,Poltergeist II: The Other Side,tt0091778
517,Practical Magic,tt0120791
519,Prime,tt0387514
520,Prince of Persia: The Sands of Time,tt0473075
525,American Psycho,tt0144084
526,Pulp Fiction,tt0110912
527,Pumpkinhead,tt0095925
528,Puss In Boots,tt0448694
529,R.I.P.D.,tt0790736
530,Radio,tt0316465
532,Rambo,tt0462499
533,Rambo III,tt0095956
534,Rambo: First Blood,tt0089880
535,Rambo: First Blood Part II,tt0089880
537,Ran,tt0089881
539,Ratatouille,tt0382932
544,Red Dragon,tt0289765
548,Requiem for a Dream,
549,Reservoir Dogs,tt0105236
550,Resident Evil,tt0120804
552,Resident Evil: Apocalypse,tt0318627
553,Resident Evil: Extinction,tt0432021
556,Riddick (Unrated Director's Cut),
559,Rings,tt0498381
565,Roman Holiday,tt0046250
574,Saving Private Ryan,tt0120815
575,Saw,tt0387564
577,Saw II,tt0432348
578,Saw III,tt0489270
579,Saw IV,tt0890870
580,Saw The Final Chapter,
585,Schindler's List,tt0108052
587,Scream,tt0117571
594,Shakespeare in Love,tt0138097
595,Shaun of the Dead,tt0365748
596,Shazam!,tt0448115
598,Sherlock Holmes,tt0988045
599,Shrek,tt0126029
600,Shrek 2,tt0298148
601,Shrek Forever After,tt0892791
602,Shrek the Third,tt0413267
605,Silence,tt0490215
606,Silent Hill: Revelation,tt0938330
609,"Sin City: Recut, Extended, Unrated",
613,Sisters,
614,Sixteen Candles,tt0088128
618,Sleepy Hollow,tt0162661
621,Snitch,tt0882977
622,Snow White & the Huntsman,
628,Space Jam,tt0117705
629,Spaceballs,tt0094012
631,Speed,tt0111257
633,Spider-Man,tt0145487
634,Spider-Man 2,tt0316654
635,Spider-Man 3,tt0413300
640,Spiral: From the Book of Saw,
647,Stardust,tt0486655
648,Stargate,tt0111282
649,Step Brothers,tt0838283
650,Stephen King's Graveyard Shift,
651,Stephen King's Silver Bullet,
652,Stephen King's Thinner,
653,Straight Outta Compton (Unrated Director's Cut),
656,Supergirl,tt0088206
657,Superman Returns,tt0348150
659,Sweeney Todd: The Demon Barber of Fleet Street,tt0408236
660,Swingers,tt0117802
661,Taken,tt0936501
662,Taken (Extended Cut),
665,Tales from the Darkside: The Movie,tt0100740
667,Taxi Driver,tt0075314
669,Ted 2,
672,Tenacious D In the Pick of Destiny,tt0365830
674,Terminator 2: Judgment Day,tt0103064
675,Terminator 3: Rise of the Machines,tt0181852
679,The 40-Year-Old Virgin,
680,The Addams Family,tt0101272
684,The Amityville Horror,tt0384806
686,The Big Lebowski,tt0118715
688,The Birdcage,tt0115685
690,The Blair Witch Project,tt0185937
691,The Boss,
692,The Bourne Identity,tt0258463
694,The Bourne Supremacy,tt0372183
695,The Bourne Ultimatum,tt0440963
696,The Boxtrolls,tt0787474
697,The Boy Who Saw the Wind,tt0784145
699,The Breakfast Club,tt0088847
703,The Cable Guy,tt0115798
706,The Cider House Rules,tt0124315
709,The Count of Monte Cristo,tt0245844
711,The Curious Case of Benjamin Button,tt0421715
712,The Da Vinci Code,tt0382625
713,The Danish Girl,tt0810819
714,The Dark Knight,tt0468569
717,The Day After Tomorrow,tt0319262
718,The Dead Zone,tt0085407
719,The Descent,tt0435625
720,The Devil Wears Prada,tt0458352
722,The Divergent Series: Allegiant,
726,The English Patient,tt0116209
729,The Family Stone,tt0356680
730,The Fast and the Furious,tt0232500
731,The Fast and the Furious: Tokyo Drift,tt0463985
733,The Fifth Element,tt0119116
734,The Fighter,tt0964517
735,The Final Destination 4,
740,The Gift,tt0219699
742,The Godfather,tt0068646
743,The Godfather Part II,tt0071562
744,The Godfather Part III: The Coppola Restoration,
751,The Grudge,tt0391198
758,The Harvey Girls,tt0038589
761,The Hitchhikers Guide to the Galaxy,
763,The Hobbit: An Unexpected Journey,tt0903624
767,The Holiday,tt0457939
768,The Host,tt0468492
774,The Hunger Games: The Ballad of Songbirds and Snakes,
776,The Huntsman: Winter's War,
777,The Incredibles,tt0317705
780,The Italian Job,tt0317740
782,The Karate Kid,tt0087538
784,The Last House on the Left (Unrated) [2009],
785,The Last of the Mohicans (Director's Definitive Cut),
790,The Limey,tt0165854
793,The Little Mermaid 2: Return to the Sea,tt0240684
797,The Lord of the Rings: The Fellowship of the Ring,tt0120737
798,The Lord of the Rings: The Return of the King,
799,The Lord of the Rings: The Two Towers,
800,The Lost Boys,tt0093437
801,The Lost World: Jurassic Park,tt0119567
803,The Matrix,tt0133093
804,The Matrix Reloaded,tt0234215
805,The Matrix Revolutions,tt0242653
809,The Midnight Meat Train,tt0805570
810,The Mummy,tt0120616
812,The Mummy: Tomb of the Dragon Emperor,tt0859163
813,The Neverending Story,tt0088323
815,The Nightmare Before Christmas,tt0107688
820,The Perfect Storm,tt0177971
822,The Polar Express,tt0338348
823,The Possession,tt0431021
824,The Prestige,tt0482571
825,The Princess Bride,tt0093779
830,The River Wild,tt0110997
831,The Rocky Horror Picture Show,tt0073629
832,The Running Man,tt0093894
833,The Sandlot,tt0108037
834,The Santa Clause,tt0111070
837,The Secret Life of Walter Mitty,tt0359950
839,The Shawshank Redemption,tt0111161
840,The Shining,tt0081505
842,The Sound of Music,tt0059742
847,The Terminator,tt0088247
851,The Town That Outlawed Christmas,tt0376932
852,The Truman Show,tt0120382
854,The Twilight Saga: Breaking Dawn - Part 1,
860,The Wizard of Oz,tt0032138
861,The Wolf of Wall Street,tt0993846
866,The World Is Not Enough,tt0143145
869,There's Something About Mary,tt0129387
872,Thor,tt0800369
875,Titanic,tt0120338
876,Tommy Boy,tt0114694
877,Tomorrow Never Dies,tt0120347
879,Top Gun,tt0092099
880,Total Recall (Newly Remastered),
881,Tower Heist,tt0471042
882,Toy Story 3,tt0435761
885,Trading Places,tt0086465
890,Tremors,tt0100814
893,Tropic Thunder,
895,Twister: A Musical Catastrophe,tt0111522
897,Tyler Perry's Boo 2! - A Madea Halloween,
898,Tyler Perry's Boo! A Madea Halloween,
904,Up In Smoke,tt0078446
908,V for Vendetta,tt0434409
910,Vegas Vacation,tt0120434
918,Wayne's World 2,tt0108525
922,Who's Afraid of Virginia Woolf?,tt0061184
927,Wonder Woman,tt0451279
929,World War Z,tt0816711
931,Wrong Turn 2,
932,X-Men,tt0120903
933,X-Men Origins: Wolverine,tt0458525
938,X-Men: The Last Stand,tt0376994
939,X2: X-Men United,tt0290334
940,xXx,tt0295701
942,Zodiac,tt0443706
944,Zoolander No. 2 (The Magnum Edition),
945,Sunshine,
946,The Fugitive,
947,Close Encounters of the Third Kind,
948,The Green Mile,
949,Paddington,
950,Knock at the Cabin,
951,Scarface,
952,Gladiator II,
953,Oppenheimer,
954,American Gangster,
955,Fall,
956,The Ministry of Ungentlemanly Warfare,
957,Ford v Ferrari,
958,Clear and Present Danger,
959,The Sum of All Fears,
960,The Hunt for Red October,
961,Abduction,
962,Alice in Wonderland,
963,Alien,
964,All the Money in the World,
965,Annabelle Comes Home,
966,Apollo 13,
967,Arthur,
968,Atomic Blonde,
969,Back to Black,
970,A Bad Moms Christmas,
971,Mystic River,tt0327056
973,Ant-Man,tt0478970
976,Dirty Harry,tt0066999
977,Hanni & Nanni 4,
978,Hanni & Nanni 4,
979,Hanni & Nanni 4,
980,Hanni & Nanni 4,
2,12 Angry Men,tt0050083
5,2001: A Space Odyssey,tt0062622
8,21 Grams,tt0315733
11,300,tt0416449
13,3:10 to Yuma,tt0050086
16,A Christmas Carol,tt0291816
19,A Date With Judy,tt0040271
20,A Ghost Story,tt0100625
24,A Knight's Tale,tt0183790
25,A League of Their Own,tt0104694
26,A Million Ways to Die In the West,
31,A Walk Among the Tombstones,tt0365907
36,Aliens,tt0090605
38,American Pie,tt0163651
40,Angel Heart,tt0092563
46,Apocalypse Now (Final Cut),tt0078788
51,Austin Powers In Goldmember,tt0295178
52,Austin Powers: International Man of Mystery,tt0118655
53,Avatar,tt0499549
57,Back to the Future,tt0088763
58,Back to the Future Part II,tt0096874
59,Back to the Future Part III,tt0099088
62,Basic Instinct,tt0103772
63,Batman,tt0096895
64,Batman Begins,tt0372784
65,Batman Returns,tt0103776
69,Behind Enemy Lines,tt0159273
70,Beverly Hills Cop,tt0086960
73,Big Trouble In Little China,tt0090728
77,Black Swan,tt0947798
79,Blair Witch,tt0185937
81,Blow,tt0221027
83,Bombshell,tt0023825
87,Braveheart,tt0112573
88,Breakfast At Tiffany's,tt0054698
89,Bridesmaids,
96,By the Light of the Silvery Moon,tt0045586
97,Scenes by the Sea: Takeshi Kitano,tt0314617
105,Carrie,tt0074285
107,Casablanca,tt0034583
108,Casino,tt0112641
109,Cast Away,tt0162222
111,Charlie and the Chocolate Factory,tt0367594
112,Charlie's Angels,tt0305357
114,Chicago,tt0299658
115,Child's Play,tt0068369
116,Christine,tt0051477
117,Christmas With the Kranks,tt0388419
118,Cinderella,tt0218891
119,Clerks,tt0109445
121,Clueless,tt0112697
122,Coco,tt0353313
124,Constantine,tt0360486
127,Cool Hand Luke,tt0061512
129,Cowboys & Aliens,tt0409847
130,Crank,tt0479884
132,Crash,tt0115964
136,"Crouching Tiger, Hidden Dragon",tt0190332
138,Cujo,tt0085382
141,Dallas Buyers Club,tt0790636
147,Death Becomes Her,tt0104070
150,Deep Impact,tt0120647
152,Deliver Us from Evil,tt0066040
154,Die Another Day,tt0246460
155,Die Hard,tt0095016
156,Die Hard 2: Die Harder,tt0099423
157,Die Hard: With a Vengeance,tt0112864
159,Lisa Lampanelli: Dirty Girl,tt0887148
160,Dirty Grandpa,
163,Doctor Sleep,tt0286594
168,Dr. Seuss' Horton Hears a Who!,tt0451079
169,Dr. Seuss' How the Grinch Stole Christmas,tt0060345
171,Dracula Untold,tt0829150
174,Drugstore Cowboy,tt0097240
180,Duplex,tt0266489
181,E.T. The Extra-Terrestrial,tt0083866
182,Earth Girls Are Easy,tt0097257
185,Edward Scissorhands,tt0099487
187,The Elf Who Didn't Believe,tt0123055
191,Endless Love,tt0082329
193,Erin Brockovich,tt0195685
197,Eternal Sunshine of the Spotless Mind,tt0338013
200,Evil Dead 2,tt0203132
206,Fantasy Island,
207,Fast & Furious 6,
209,Ferris Bueller's Day Off,tt0091042
210,Fiddler On the Roof,tt0067093
214,Fight Club,tt0137523
215,Final Destination,tt0195714
216,Final Destination 2,tt0309593
217,Final Destination 3,tt0414982
219,Finding Nemo,tt0266543
223,Flightplan,tt0408790
224,Footloose,tt0087277
225,Forrest Gump,tt0109830
229,Friday,tt0240517
230,Friday the 13th,tt0080761
231,Friday the 13th Part 2,tt0082418
233,Friday the 13th: The Final Chapter,tt0087298
237,Furious 7,
241,Gangs of New York,tt0217505
243,Gentlemen Prefer Blondes,tt0045810
247,Ghost,tt0099653
248,Ghost in the Shell,tt0113568
249,Ghostbusters,tt0087332
251,Ghostbusters II,tt0097428
253,Gladiator,tt0104346
255,Glengarry Glen Ross,tt0104348
257,Godzilla,tt0831387
258,GoldenEye,tt0113189
260,Good Will Hunting,tt0119217
264,Grease,tt0077631
266,Gremlins,tt0087363
267,Groundhog Day,tt0107048
272,"Hail, Caesar!",tt0475290
273,Hall Pass,tt0480687
276,Hancock,tt0448157
282,Harold & Kumar Go to White Castle,tt0366551
283,Harry Potter and the Chamber of Secrets,tt0295297
284,Harry Potter and the Deathly Hallows – Part 1,tt0926084
285,"Harry Potter and the Deathly Hallows, Part 1",tt0926084
287,Harry Potter and the Goblet of Fire,tt0330373
288,Harry Potter and the Half-Blood Prince,tt0417741
289,Harry Potter and the Order of the Phoenix,tt0373889
290,Harry Potter and the Prisoner of Azkaban,tt0304141
291,Harry Potter and the Sorcerer's Stone,tt0241527
293,Hellboy,tt0167190
300,Holiday Inn,tt0034862
302,Home Alone,tt0099785
304,Hook,tt0102057
306,Horton Hears a Who!,tt0451079
307,Hot Tub Time Machine,
309,House Party,tt0099800
310,How the Grinch Stole Christmas: The Ultimate Edition,
312,Hugo,tt0970179
315,Ice Age,tt0268380
322,Independence Day,tt0116629
325,Indiana Jones and the Raiders of the Lost Ark,tt0082971
326,Indiana Jones and the Temple of Doom,tt0087469
328,Inglourious Basterds,tt0361748
334,Interstellar,tt0816692
335,Interview With the Vampire: The Vampire Chronicles,tt0110148
344,It's a Wonderful Life,tt0038650
346,Jack Reacher,tt0790724
351,Jaws,tt0073195
352,Jigsaw,tt0056121
359,Joyeux Noel,tt0424205
360,Jumanji,tt0113497
363,Jumper,tt0489099
364,Jurassic Park,tt0107290
365,Jurassic Park III,tt0362841
366,Jurassic World,tt0369610
369,Justice League,tt0974015
372,Kickboxer,tt0097659
373,Kill Bill: Volume 1,tt0266697
374,Kill Bill: Volume 2,tt0378194
385,Labyrinth,tt0091369
386,Lara Croft Tomb Raider: The Cradle of Life,tt0325703
387,Lara Croft: Tomb Raider,tt0146316
389,Legally Blonde,tt0250494
390,"Legally Blonde 2: Red, White and Blonde",tt0333780
391,Les misérables,tt0230534
393,Lethal Weapon,tt0093409
395,Liar Liar,tt0119528
399,Lincoln,tt0443272
401,Little Fockers,tt0970866
403,Live Free or Die Hard,tt0337978
409,Love Actually,tt0314331
415,Mad Max,tt0079501
423,Mamma Mia! The Movie,tt0795421
424,Man of Steel,tt0770828
425,Manhunter,tt0071809
427,Master and Commander: The Far Side of the World,tt0311113
429,Mean Girls,tt0377092
431,Meet Me In St. Louis,tt0037059
433,Memento,tt0209144
434,Men In Black,tt0119654
436,Men In Black II,tt0120912
441,Misery,tt0100157
442,Miss Congeniality,tt0212346
443,Miss Congeniality 2: Armed and Fabulous,tt0385307
450,"Monsters, Inc.",tt0198781
453,Mr. & Mrs. Smith,tt0356910
454,Mrs. Doubtfire,tt0107614
457,My Big Fat Greek Wedding,tt0259446
459,My Cousin Vinny,tt0104952
460,My Fair Lady,tt0058385
461,National Lampoon's Christmas Vacation,tt0097958
462,Needful Things,tt0107665
463,Neighbors,tt0011508
468,No Country for Old Men,tt0477348
477,"O Brother, Where Art Thou?",tt0190590
480,Ocean's Eleven,tt0240772
481,Ocean's Thirteen,tt0496806
482,Ocean's Twelve,tt0349903
485,One True Thing,tt0120776
489,Out of Africa,tt0089755
493,Pan's Labyrinth,tt0457430
494,Paranormal Activity 4,
495,Paranormal Activity: The Ghost Dimension (New Extended Cut),
497,Parasite,tt0084472
498,Passengers,tt0269697
501,Pay It Forward,tt0223897
504,Pet Sematary,tt0098084
505,Pi,tt0138704
511,"Planes, Trains and Automobiles",
512,Pleasantville,tt0120789
513,Poltergeist,tt0084516
514,Poltergeist II: The Other Side,tt0091778
517,Practical Magic,tt0120791
519,Prime,tt0387514
520,Prince of Persia: The Sands of Time,tt0473075
525,American Psycho,tt0144084
526,Pulp Fiction,tt0110912
527,Pumpkinhead,tt0095925
528,Puss In Boots,tt0448694
529,R.I.P.D.,tt0790736
530,Radio,tt0316465
532,Rambo,tt0462499
533,Rambo III,tt0095956
534,Rambo: First Blood,tt0089880
535,Rambo: First Blood Part II,tt0089880
537,Ran,tt0089881
539,Ratatouille,tt0382932
544,Red Dragon,tt0289765
548,Requiem for a Dream,
549,Reservoir Dogs,tt0105236
550,Resident Evil,tt0120804
552,Resident Evil: Apocalypse,tt0318627
553,Resident Evil: Extinction,tt0432021
556,Riddick (Unrated Director's Cut),
559,Rings,tt0498381
565,Roman Holiday,tt0046250
574,Saving Private Ryan,tt0120815
575,Saw,tt0387564
577,Saw II,tt0432348
578,Saw III,tt0489270
579,Saw IV,tt0890870
580,Saw The Final Chapter,
585,Schindler's List,tt0108052
587,Scream,tt0117571
594,Shakespeare in Love,tt0138097
595,Shaun of the Dead,tt0365748
596,Shazam!,tt0448115
598,Sherlock Holmes,tt0988045
599,Shrek,tt0126029
600,Shrek 2,tt0298148
601,Shrek Forever After,tt0892791
602,Shrek the Third,tt0413267
605,Silence,tt0490215
606,Silent Hill: Revelation,tt0938330
609,"Sin City: Recut, Extended, Unrated",
613,Sisters,
614,Sixteen Candles,tt0088128
618,Sleepy Hollow,tt0162661
621,Snitch,tt0882977
622,Snow White & the Huntsman,
628,Space Jam,tt0117705
629,Spaceballs,tt0094012
631,Speed,tt0111257
633,Spider-Man,tt0145487
634,Spider-Man 2,tt0316654
635,Spider-Man 3,tt0413300
640,Spiral: From the Book of Saw,
647,Stardust,tt0486655
648,Stargate,tt0111282
649,Step Brothers,tt0838283
650,Stephen King's Graveyard Shift,
651,Stephen King's Silver Bullet,
652,Stephen King's Thinner,
653,Straight Outta Compton (Unrated Director's Cut),
656,Supergirl,tt0088206
657,Superman Returns,tt0348150
659,Sweeney Todd: The Demon Barber of Fleet Street,tt0408236
660,Swingers,tt0117802
661,Taken,tt0936501
662,Taken (Extended Cut),
665,Tales from the Darkside: The Movie,tt0100740
667,Taxi Driver,tt0075314
669,Ted 2,
672,Tenacious D In the Pick of Destiny,tt0365830
674,Terminator 2: Judgment Day,tt0103064
675,Terminator 3: Rise of the Machines,tt0181852
679,The 40-Year-Old Virgin,
680,The Addams Family,tt0101272
684,The Amityville Horror,tt0384806
686,The Big Lebowski,tt0118715
688,The Birdcage,tt0115685
690,The Blair Witch Project,tt0185937
691,The Boss,
692,The Bourne Identity,tt0258463
694,The Bourne Supremacy,tt0372183
695,The Bourne Ultimatum,tt0440963
696,The Boxtrolls,tt0787474
697,The Boy Who Saw the Wind,tt0784145
699,The Breakfast Club,tt0088847
703,The Cable Guy,tt0115798
706,The Cider House Rules,tt0124315
709,The Count of Monte Cristo,tt0245844
711,The Curious Case of Benjamin Button,tt0421715
712,The Da Vinci Code,tt0382625
713,The Danish Girl,tt0810819
714,The Dark Knight,tt0468569
717,The Day After Tomorrow,tt0319262
718,The Dead Zone,tt0085407
719,The Descent,tt0435625
720,The Devil Wears Prada,tt0458352
722,The Divergent Series: Allegiant,
726,The English Patient,tt0116209
729,The Family Stone,tt0356680
730,The Fast and the Furious,tt0232500
731,The Fast and the Furious: Tokyo Drift,tt0463985
733,The Fifth Element,tt0119116
734,The Fighter,tt0964517
735,The Final Destination 4,
740,The Gift,tt0219699
742,The Godfather,tt0068646
743,The Godfather Part II,tt0071562
744,The Godfather Part III: The Coppola Restoration,
751,The Grudge,tt0391198
758,The Harvey Girls,tt0038589
761,The Hitchhikers Guide to the Galaxy,
763,The Hobbit: An Unexpected Journey,tt0903624
767,The Holiday,tt0457939
768,The Host,tt0468492
774,The Hunger Games: The Ballad of Songbirds and Snakes,
776,The Huntsman: Winter's War,
777,The Incredibles,tt0317705
780,The Italian Job,tt0317740
782,The Karate Kid,tt0087538
784,The Last House on the Left (Unrated) [2009],
785,The Last of the Mohicans (Director's Definitive Cut),
790,The Limey,tt0165854
793,The Little Mermaid 2: Return to the Sea,tt0240684
797,The Lord of the Rings: The Fellowship of the Ring,tt0120737
798,The Lord of the Rings: The Return of the King,
799,The Lord of the Rings: The Two Towers,
800,The Lost Boys,tt0093437
801,The Lost World: Jurassic Park,tt0119567
803,The Matrix,tt0133093
804,The Matrix Reloaded,tt0234215
805,The Matrix Revolutions,tt0242653
809,The Midnight Meat Train,tt0805570
810,The Mummy,tt0120616
812,The Mummy: Tomb of the Dragon Emperor,tt0859163
813,The Neverending Story,tt0088323
815,The Nightmare Before Christmas,tt0107688
820,The Perfect Storm,tt0177971
822,The Polar Express,tt0338348
823,The Possession,tt0431021
824,The Prestige,tt0482571
825,The Princess Bride,tt0093779
830,The River Wild,tt0110997
831,The Rocky Horror Picture Show,tt0073629
832,The Running Man,tt0093894
833,The Sandlot,tt0108037
834,The Santa Clause,tt0111070
837,The Secret Life of Walter Mitty,tt0359950
839,The Shawshank Redemption,tt0111161
840,The Shining,tt0081505
842,The Sound of Music,tt0059742
847,The Terminator,tt0088247
851,The Town That Outlawed Christmas,tt0376932
852,The Truman Show,tt0120382
854,The Twilight Saga: Breaking Dawn - Part 1,
860,The Wizard of Oz,tt0032138
861,The Wolf of Wall Street,tt0993846
866,The World Is Not Enough,tt0143145
869,There's Something About Mary,tt0129387
872,Thor,tt0800369
875,Titanic,tt0120338
876,Tommy Boy,tt0114694
877,Tomorrow Never Dies,tt0120347
879,Top Gun,tt0092099
880,Total Recall (Newly Remastered),
881,Tower Heist,tt0471042
882,Toy Story 3,tt0435761
885,Trading Places,tt0086465
890,Tremors,tt0100814
893,Tropic Thunder,
895,Twister: A Musical Catastrophe,tt0111522
897,Tyler Perry's Boo 2! - A Madea Halloween,
898,Tyler Perry's Boo! A Madea Halloween,
904,Up In Smoke,tt0078446
908,V for Vendetta,tt0434409
910,Vegas Vacation,tt0120434
918,Wayne's World 2,tt0108525
922,Who's Afraid of Virginia Woolf?,tt0061184
927,Wonder Woman,tt0451279
929,World War Z,tt0816711
931,Wrong Turn 2,
932,X-Men,tt0120903
933,X-Men Origins: Wolverine,tt0458525
938,X-Men: The Last Stand,tt0376994
939,X2: X-Men United,tt0290334
940,xXx,tt0295701
942,Zodiac,tt0443706
944,Zoolander No. 2 (The Magnum Edition),
945,Sunshine,
946,The Fugitive,
947,Close Encounters of the Third Kind,
948,The Green Mile,
949,Paddington,
950,Knock at the Cabin,
951,Scarface,
952,Gladiator II,
953,Oppenheimer,
954,American Gangster,
955,Fall,
956,The Ministry of Ungentlemanly Warfare,
957,Ford v Ferrari,
958,Clear and Present Danger,
959,The Sum of All Fears,
960,The Hunt for Red October,
961,Abduction,
962,Alice in Wonderland,
963,Alien,
964,All the Money in the World,
965,Annabelle Comes Home,
966,Apollo 13,
967,Arthur,
968,Atomic Blonde,
969,Back to Black,
970,A Bad Moms Christmas,
971,Mystic River,tt0327056
973,Ant-Man,tt0478970
976,Dirty Harry,tt0066999
977,Hanni & Nanni 4,
978,Hanni & Nanni 4,
979,Hanni & Nanni 4,
980,Hanni & Nanni 4,
206,Fantasy Island,
207,Fast & Furious 6,
310,How the Grinch Stole Christmas: The Ultimate Edition,
495,Paranormal Activity: The Ghost Dimension (New Extended Cut),
511,"Planes, Trains and Automobiles",
548,Requiem for a Dream,
556,Riddick (Unrated Director's Cut),
580,Saw The Final Chapter,
609,"Sin City: Recut, Extended, Unrated",
622,Snow White & the Huntsman,
650,Stephen King's Graveyard Shift,
651,Stephen King's Silver Bullet,
652,Stephen King's Thinner,
653,Straight Outta Compton (Unrated Director's Cut),
662,Taken (Extended Cut),
679,The 40-Year-Old Virgin,
722,The Divergent Series: Allegiant,
735,The Final Destination 4,
744,The Godfather Part III: The Coppola Restoration,
761,The Hitchhikers Guide to the Galaxy,
784,The Last House on the Left (Unrated) [2009],
785,The Last of the Mohicans (Director's Definitive Cut),
798,The Lord of the Rings: The Return of the King,
799,The Lord of the Rings: The Two Towers,
880,Total Recall (Newly Remastered),
893,Tropic Thunder,
897,Tyler Perry's Boo 2! - A Madea Halloween,
898,Tyler Perry's Boo! A Madea Halloween,
931,Wrong Turn 2,
944,Zoolander No. 2 (The Magnum Edition),
945,Sunshine,
946,The Fugitive,
947,Close Encounters of the Third Kind,
948,The Green Mile,
951,Scarface,
954,American Gangster,
958,Clear and Present Danger,
959,The Sum of All Fears,
960,The Hunt for Red October,
963,Alien,
966,Apollo 13,
310,How the Grinch Stole Christmas: The Ultimate Edition,
495,Paranormal Activity: The Ghost Dimension (New Extended Cut),
556,Riddick (Unrated Director's Cut),
580,Saw The Final Chapter,
609,"Sin City: Recut, Extended, Unrated",
650,Stephen King's Graveyard Shift,
651,Stephen King's Silver Bullet,
652,Stephen King's Thinner,
653,Straight Outta Compton (Unrated Director's Cut),
662,Taken (Extended Cut),
679,The 40-Year-Old Virgin,
722,The Divergent Series: Allegiant,
735,The Final Destination 4,
744,The Godfather Part III: The Coppola Restoration,
761,The Hitchhikers Guide to the Galaxy,
784,The Last House on the Left (Unrated) [2009],
785,The Last of the Mohicans (Director's Definitive Cut),
880,Total Recall (Newly Remastered),
897,Tyler Perry's Boo 2! - A Madea Halloween,
898,Tyler Perry's Boo! A Madea Halloween,
931,Wrong Turn 2,
944,Zoolander No. 2 (The Magnum Edition),
2,12 Angry Men,tt0050083
5,2001: A Space Odyssey,tt0062622
8,21 Grams,tt0315733
13,3:10 to Yuma,tt0050086
19,A Date With Judy,tt0040271
24,A Knight's Tale,tt0183790
25,A League of Their Own,tt0104694
31,A Walk Among the Tombstones,tt0365907
36,Aliens,tt0090605
38,American Pie,tt0163651
40,Angel Heart,tt0092563
51,Austin Powers In Goldmember,tt0295178
52,Austin Powers: International Man of Mystery,tt0118655
53,Avatar,tt0499549
57,Back to the Future,tt0088763
58,Back to the Future Part II,tt0096874
59,Back to the Future Part III,tt0099088
62,Basic Instinct,tt0103772
63,Batman,tt0096895
64,Batman Begins,tt0372784
65,Batman Returns,tt0103776
69,Behind Enemy Lines,tt0159273
70,Beverly Hills Cop,tt0086960
73,Big Trouble In Little China,tt0090728
77,Black Swan,tt0947798
81,Blow,tt0221027
87,Braveheart,tt0112573
88,Breakfast At Tiffany's,tt0054698
96,By the Light of the Silvery Moon,tt0045586
97,Scenes by the Sea: Takeshi Kitano,tt0314617
105,Carrie,tt0074285
107,Casablanca,tt0034583
108,Casino,tt0112641
109,Cast Away,tt0162222
111,Charlie and the Chocolate Factory,tt0367594
114,Chicago,tt0299658
116,Christine,tt0051477
117,Christmas With the Kranks,tt0388419
119,Clerks,tt0109445
121,Clueless,tt0112697
124,Constantine,tt0360486
127,Cool Hand Luke,tt0061512
129,Cowboys & Aliens,tt0409847
130,Crank,tt0479884
132,Crash,tt0115964
136,"Crouching Tiger, Hidden Dragon",tt0190332
138,Cujo,tt0085382
141,Dallas Buyers Club,tt0790636
147,Death Becomes Her,tt0104070
150,Deep Impact,tt0120647
154,Die Another Day,tt0246460
155,Die Hard,tt0095016
157,Die Hard: With a Vengeance,tt0112864
159,Lisa Lampanelli: Dirty Girl,tt0887148
171,Dracula Untold,tt0829150
174,Drugstore Cowboy,tt0097240
180,Duplex,tt0266489
181,E.T. The Extra-Terrestrial,tt0083866
182,Earth Girls Are Easy,tt0097257
185,Edward Scissorhands,tt0099487
193,Erin Brockovich,tt0195685
197,Eternal Sunshine of the Spotless Mind,tt0338013
206,Fantasy Island,
209,Ferris Bueller's Day Off,tt0091042
210,Fiddler On the Roof,tt0067093
214,Fight Club,tt0137523
215,Final Destination,tt0195714
216,Final Destination 2,tt0309593
217,Final Destination 3,tt0414982
219,Finding Nemo,tt0266543
223,Flightplan,tt0408790
224,Footloose,tt0087277
225,Forrest Gump,tt0109830
230,Friday the 13th,tt0080761
231,Friday the 13th Part 2,tt0082418
233,Friday the 13th: The Final Chapter,tt0087298
241,Gangs of New York,tt0217505
243,Gentlemen Prefer Blondes,tt0045810
247,Ghost,tt0099653
249,Ghostbusters,tt0087332
251,Ghostbusters II,tt0097428
253,Gladiator,tt0104346
255,Glengarry Glen Ross,tt0104348
257,Godzilla,tt0831387
258,GoldenEye,tt0113189
260,Good Will Hunting,tt0119217
264,Grease,tt0077631
266,Gremlins,tt0087363
267,Groundhog Day,tt0107048
272,"Hail, Caesar!",tt0475290
273,Hall Pass,tt0480687
276,Hancock,tt0448157
282,Harold & Kumar Go to White Castle,tt0366551
283,Harry Potter and the Chamber of Secrets,tt0295297
287,Harry Potter and the Goblet of Fire,tt0330373
288,Harry Potter and the Half-Blood Prince,tt0417741
289,Harry Potter and the Order of the Phoenix,tt0373889
290,Harry Potter and the Prisoner of Azkaban,tt0304141
293,Hellboy,tt0167190
300,Holiday Inn,tt0034862
302,Home Alone,tt0099785
304,Hook,tt0102057
306,Horton Hears a Who!,tt0451079
309,House Party,tt0099800
310,How the Grinch Stole Christmas: The Ultimate Edition,
312,Hugo,tt0970179
315,Ice Age,tt0268380
322,Independence Day,tt0116629
326,Indiana Jones and the Temple of Doom,tt0087469
328,Inglourious Basterds,tt0361748
334,Interstellar,tt0816692
344,It's a Wonderful Life,tt0038650
346,Jack Reacher,tt0790724
351,Jaws,tt0073195
359,Joyeux Noel,tt0424205
360,Jumanji,tt0113497
363,Jumper,tt0489099
364,Jurassic Park,tt0107290
365,Jurassic Park III,tt0362841
366,Jurassic World,tt0369610
369,Justice League,tt0974015
372,Kickboxer,tt0097659
387,Lara Croft: Tomb Raider,tt0146316
389,Legally Blonde,tt0250494
393,Lethal Weapon,tt0093409
395,Liar Liar,tt0119528
399,Lincoln,tt0443272
401,Little Fockers,tt0970866
403,Live Free or Die Hard,tt0337978
409,Love Actually,tt0314331
415,Mad Max,tt0079501
424,Man of Steel,tt0770828
425,Manhunter,tt0071809
427,Master and Commander: The Far Side of the World,tt0311113
429,Mean Girls,tt0377092
433,Memento,tt0209144
434,Men In Black,tt0119654
436,Men In Black II,tt0120912
441,Misery,tt0100157
442,Miss Congeniality,tt0212346
443,Miss Congeniality 2: Armed and Fabulous,tt0385307
450,"Monsters, Inc.",tt0198781
457,My Big Fat Greek Wedding,tt0259446
459,My Cousin Vinny,tt0104952
460,My Fair Lady,tt0058385
461,National Lampoon's Christmas Vacation,tt0097958
462,Needful Things,tt0107665
468,No Country for Old Men,tt0477348
480,Ocean's Eleven,tt0240772
481,Ocean's Thirteen,tt0496806
482,Ocean's Twelve,tt0349903
485,One True Thing,tt0120776
489,Out of Africa,tt0089755
493,Pan's Labyrinth,tt0457430
495,Paranormal Activity: The Ghost Dimension (New Extended Cut),
501,Pay It Forward,tt0223897
504,Pet Sematary,tt0098084
505,Pi,tt0138704
511,"Planes, Trains and Automobiles",
512,Pleasantville,tt0120789
513,Poltergeist,tt0084516
514,Poltergeist II: The Other Side,tt0091778
517,Practical Magic,tt0120791
519,Prime,tt0387514
520,Prince of Persia: The Sands of Time,tt0473075
525,American Psycho,tt0144084
526,Pulp Fiction,tt0110912
527,Pumpkinhead,tt0095925
528,Puss In Boots,tt0448694
529,R.I.P.D.,tt0790736
530,Radio,tt0316465
532,Rambo,tt0462499
533,Rambo III,tt0095956
535,Rambo: First Blood Part II,tt0089880
537,Ran,tt0089881
539,Ratatouille,tt0382932
544,Red Dragon,tt0289765
548,Requiem for a Dream,
549,Reservoir Dogs,tt0105236
550,Resident Evil,tt0120804
552,Resident Evil: Apocalypse,tt0318627
553,Resident Evil: Extinction,tt0432021
556,Riddick (Unrated Director's Cut),
559,Rings,tt0498381
565,Roman Holiday,tt0046250
574,Saving Private Ryan,tt0120815
575,Saw,tt0387564
577,Saw II,tt0432348
578,Saw III,tt0489270
579,Saw IV,tt0890870
580,Saw The Final Chapter,
585,Schindler's List,tt0108052
587,Scream,tt0117571
594,Shakespeare in Love,tt0138097
595,Shaun of the Dead,tt0365748
598,Sherlock Holmes,tt0988045
599,Shrek,tt0126029
600,Shrek 2,tt0298148
601,Shrek Forever After,tt0892791
602,Shrek the Third,tt0413267
609,"Sin City: Recut, Extended, Unrated",
614,Sixteen Candles,tt0088128
618,Sleepy Hollow,tt0162661
621,Snitch,tt0882977
628,Space Jam,tt0117705
629,Spaceballs,tt0094012
631,Speed,tt0111257
633,Spider-Man,tt0145487
647,Stardust,tt0486655
648,Stargate,tt0111282
649,Step Brothers,tt0838283
650,Stephen King's Graveyard Shift,
651,Stephen King's Silver Bullet,
652,Stephen King's Thinner,
653,Straight Outta Compton (Unrated Director's Cut),
657,Superman Returns,tt0348150
659,Sweeney Todd: The Demon Barber of Fleet Street,tt0408236
660,Swingers,tt0117802
661,Taken,tt0936501
662,Taken (Extended Cut),
665,Tales from the Darkside: The Movie,tt0100740
667,Taxi Driver,tt0075314
672,Tenacious D In the Pick of Destiny,tt0365830
674,Terminator 2: Judgment Day,tt0103064
675,Terminator 3: Rise of the Machines,tt0181852
679,The 40-Year-Old Virgin,
680,The Addams Family,tt0101272
684,The Amityville Horror,tt0384806
686,The Big Lebowski,tt0118715
688,The Birdcage,tt0115685
690,The Blair Witch Project,tt0185937
692,The Bourne Identity,tt0258463
694,The Bourne Supremacy,tt0372183
695,The Bourne Ultimatum,tt0440963
696,The Boxtrolls,tt0787474
697,The Boy Who Saw the Wind,tt0784145
699,The Breakfast Club,tt0088847
703,The Cable Guy,tt0115798
706,The Cider House Rules,tt0124315
709,The Count of Monte Cristo,tt0245844
711,The Curious Case of Benjamin Button,tt0421715
712,The Da Vinci Code,tt0382625
713,The Danish Girl,tt0810819
714,The Dark Knight,tt0468569
717,The Day After Tomorrow,tt0319262
718,The Dead Zone,tt0085407
719,The Descent,tt0435625
720,The Devil Wears Prada,tt0458352
722,The Divergent Series: Allegiant,
726,The English Patient,tt0116209
729,The Family Stone,tt0356680
730,The Fast and the Furious,tt0232500
731,The Fast and the Furious: Tokyo Drift,tt0463985
733,The Fifth Element,tt0119116
734,The Fighter,tt0964517
735,The Final Destination 4,
742,The Godfather,tt0068646
743,The Godfather Part II,tt0071562
744,The Godfather Part III: The Coppola Restoration,
751,The Grudge,tt0391198
758,The Harvey Girls,tt0038589
761,The Hitchhikers Guide to the Galaxy,
763,The Hobbit: An Unexpected Journey,tt0903624
767,The Holiday,tt0457939
768,The Host,tt0468492
777,The Incredibles,tt0317705
780,The Italian Job,tt0317740
782,The Karate Kid,tt0087538
784,The Last House on the Left (Unrated) [2009],
785,The Last of the Mohicans (Director's Definitive Cut),
790,The Limey,tt0165854
797,The Lord of the Rings: The Fellowship of the Ring,tt0120737
798,The Lord of the Rings: The Return of the King,
799,The Lord of the Rings: The Two Towers,
800,The Lost Boys,tt0093437
801,The Lost World: Jurassic Park,tt0119567
803,The Matrix,tt0133093
804,The Matrix Reloaded,tt0234215
805,The Matrix Revolutions,tt0242653
809,The Midnight Meat Train,tt0805570
810,The Mummy,tt0120616
812,The Mummy: Tomb of the Dragon Emperor,tt0859163
813,The Neverending Story,tt0088323
815,The Nightmare Before Christmas,tt0107688
820,The Perfect Storm,tt0177971
822,The Polar Express,tt0338348
823,The Possession,tt0431021
824,The Prestige,tt0482571
825,The Princess Bride,tt0093779
830,The River Wild,tt0110997
831,The Rocky Horror Picture Show,tt0073629
832,The Running Man,tt0093894
833,The Sandlot,tt0108037
834,The Santa Clause,tt0111070
837,The Secret Life of Walter Mitty,tt0359950
839,The Shawshank Redemption,tt0111161
840,The Shining,tt0081505
842,The Sound of Music,tt0059742
847,The Terminator,tt0088247
851,The Town That Outlawed Christmas,tt0376932
852,The Truman Show,tt0120382
860,The Wizard of Oz,tt0032138
861,The Wolf of Wall Street,tt0993846
866,The World Is Not Enough,tt0143145
869,There's Something About Mary,tt0129387
872,Thor,tt0800369
875,Titanic,tt0120338
876,Tommy Boy,tt0114694
877,Tomorrow Never Dies,tt0120347
879,Top Gun,tt0092099
880,Total Recall (Newly Remastered),
881,Tower Heist,tt0471042
882,Toy Story 3,tt0435761
885,Trading Places,tt0086465
890,Tremors,tt0100814
893,Tropic Thunder,
895,Twister: A Musical Catastrophe,tt0111522
897,Tyler Perry's Boo 2! - A Madea Halloween,
898,Tyler Perry's Boo! A Madea Halloween,
904,Up In Smoke,tt0078446
908,V for Vendetta,tt0434409
910,Vegas Vacation,tt0120434
918,Wayne's World 2,tt0108525
922,Who's Afraid of Virginia Woolf?,tt0061184
927,Wonder Woman,tt0451279
929,World War Z,tt0816711
931,Wrong Turn 2,
933,X-Men Origins: Wolverine,tt0458525
938,X-Men: The Last Stand,tt0376994
940,xXx,tt0295701
942,Zodiac,tt0443706
944,Zoolander No. 2 (The Magnum Edition),
945,Sunshine,
946,The Fugitive,
947,Close Encounters of the Third Kind,
948,The Green Mile,
951,Scarface,
954,American Gangster,
958,Clear and Present Danger,
959,The Sum of All Fears,
960,The Hunt for Red October,
963,Alien,
966,Apollo 13,
971,Mystic River,tt0327056
973,Ant-Man,tt0478970
976,Dirty Harry,tt0066999
2,12 Angry Men,tt0050083
5,2001: A Space Odyssey,tt0062622
8,21 Grams,tt0315733
13,3:10 to Yuma,tt0050086
19,A Date With Judy,tt0040271
24,A Knight's Tale,tt0183790
25,A League of Their Own,tt0104694
31,A Walk Among the Tombstones,tt0365907
36,Aliens,tt0090605
38,American Pie,tt0163651
40,Angel Heart,tt0092563
51,Austin Powers In Goldmember,tt0295178
52,Austin Powers: International Man of Mystery,tt0118655
53,Avatar,tt0499549
57,Back to the Future,tt0088763
58,Back to the Future Part II,tt0096874
59,Back to the Future Part III,tt0099088
62,Basic Instinct,tt0103772
63,Batman,tt0096895
64,Batman Begins,tt0372784
65,Batman Returns,tt0103776
69,Behind Enemy Lines,tt0159273
70,Beverly Hills Cop,tt0086960
73,Big Trouble In Little China,tt0090728
77,Black Swan,tt0947798
81,Blow,tt0221027
87,Braveheart,tt0112573
88,Breakfast At Tiffany's,tt0054698
96,By the Light of the Silvery Moon,tt0045586
97,Scenes by the Sea: Takeshi Kitano,tt0314617
105,Carrie,tt0074285
107,Casablanca,tt0034583
108,Casino,tt0112641
109,Cast Away,tt0162222
111,Charlie and the Chocolate Factory,tt0367594
114,Chicago,tt0299658
116,Christine,tt0051477
117,Christmas With the Kranks,tt0388419
119,Clerks,tt0109445
121,Clueless,tt0112697
124,Constantine,tt0360486
127,Cool Hand Luke,tt0061512
129,Cowboys & Aliens,tt0409847
130,Crank,tt0479884
132,Crash,tt0115964
136,"Crouching Tiger, Hidden Dragon",tt0190332
138,Cujo,tt0085382
141,Dallas Buyers Club,tt0790636
147,Death Becomes Her,tt0104070
150,Deep Impact,tt0120647
154,Die Another Day,tt0246460
155,Die Hard,tt0095016
157,Die Hard: With a Vengeance,tt0112864
159,Lisa Lampanelli: Dirty Girl,tt0887148
171,Dracula Untold,tt0829150
174,Drugstore Cowboy,tt0097240
180,Duplex,tt0266489
181,E.T. The Extra-Terrestrial,tt0083866
182,Earth Girls Are Easy,tt0097257
185,Edward Scissorhands,tt0099487
193,Erin Brockovich,tt0195685
197,Eternal Sunshine of the Spotless Mind,tt0338013
206,Fantasy Island,
209,Ferris Bueller's Day Off,tt0091042
210,Fiddler On the Roof,tt0067093
214,Fight Club,tt0137523
215,Final Destination,tt0195714
216,Final Destination 2,tt0309593
217,Final Destination 3,tt0414982
219,Finding Nemo,tt0266543
223,Flightplan,tt0408790
224,Footloose,tt0087277
225,Forrest Gump,tt0109830
230,Friday the 13th,tt0080761
231,Friday the 13th Part 2,tt0082418
233,Friday the 13th: The Final Chapter,tt0087298
241,Gangs of New York,tt0217505
243,Gentlemen Prefer Blondes,tt0045810
247,Ghost,tt0099653
249,Ghostbusters,tt0087332
251,Ghostbusters II,tt0097428
253,Gladiator,tt0104346
255,Glengarry Glen Ross,tt0104348
257,Godzilla,tt0831387
258,GoldenEye,tt0113189
260,Good Will Hunting,tt0119217
264,Grease,tt0077631
266,Gremlins,tt0087363
267,Groundhog Day,tt0107048
272,"Hail, Caesar!",tt0475290
273,Hall Pass,tt0480687
276,Hancock,tt0448157
282,Harold & Kumar Go to White Castle,tt0366551
283,Harry Potter and the Chamber of Secrets,tt0295297
287,Harry Potter and the Goblet of Fire,tt0330373
288,Harry Potter and the Half-Blood Prince,tt0417741
289,Harry Potter and the Order of the Phoenix,tt0373889
290,Harry Potter and the Prisoner of Azkaban,tt0304141
293,Hellboy,tt0167190
300,Holiday Inn,tt0034862
302,Home Alone,tt0099785
304,Hook,tt0102057
306,Horton Hears a Who!,tt0451079
309,House Party,tt0099800
310,How the Grinch Stole Christmas: The Ultimate Edition,
312,Hugo,tt0970179
315,Ice Age,tt0268380
322,Independence Day,tt0116629
326,Indiana Jones and the Temple of Doom,tt0087469
328,Inglourious Basterds,tt0361748
334,Interstellar,tt0816692
344,It's a Wonderful Life,tt0038650
346,Jack Reacher,tt0790724
351,Jaws,tt0073195
359,Joyeux Noel,tt0424205
360,Jumanji,tt0113497
363,Jumper,tt0489099
364,Jurassic Park,tt0107290
365,Jurassic Park III,tt0362841
366,Jurassic World,tt0369610
369,Justice League,tt0974015
372,Kickboxer,tt0097659
387,Lara Croft: Tomb Raider,tt0146316
389,Legally Blonde,tt0250494
393,Lethal Weapon,tt0093409
395,Liar Liar,tt0119528
399,Lincoln,tt0443272
401,Little Fockers,tt0970866
403,Live Free or Die Hard,tt0337978
409,Love Actually,tt0314331
415,Mad Max,tt0079501
424,Man of Steel,tt0770828
425,Manhunter,tt0071809
427,Master and Commander: The Far Side of the World,tt0311113
429,Mean Girls,tt0377092
433,Memento,tt0209144
434,Men In Black,tt0119654
436,Men In Black II,tt0120912
441,Misery,tt0100157
442,Miss Congeniality,tt0212346
443,Miss Congeniality 2: Armed and Fabulous,tt0385307
450,"Monsters, Inc.",tt0198781
457,My Big Fat Greek Wedding,tt0259446
459,My Cousin Vinny,tt0104952
460,My Fair Lady,tt0058385
461,National Lampoon's Christmas Vacation,tt0097958
462,Needful Things,tt0107665
468,No Country for Old Men,tt0477348
480,Ocean's Eleven,tt0240772
481,Ocean's Thirteen,tt0496806
482,Ocean's Twelve,tt0349903
485,One True Thing,tt0120776
489,Out of Africa,tt0089755
493,Pan's Labyrinth,tt0457430
495,Paranormal Activity: The Ghost Dimension (New Extended Cut),
501,Pay It Forward,tt0223897
504,Pet Sematary,tt0098084
505,Pi,tt0138704
511,"Planes, Trains and Automobiles",
512,Pleasantville,tt0120789
513,Poltergeist,tt0084516
514,Poltergeist II: The Other Side,tt0091778
517,Practical Magic,tt0120791
519,Prime,tt0387514
520,Prince of Persia: The Sands of Time,tt0473075
525,American Psycho,tt0144084
526,Pulp Fiction,tt0110912
527,Pumpkinhead,tt0095925
528,Puss In Boots,tt0448694
529,R.I.P.D.,tt0790736
530,Radio,tt0316465
532,Rambo,tt0462499
533,Rambo III,tt0095956
535,Rambo: First Blood Part II,tt0089880
537,Ran,tt0089881
539,Ratatouille,tt0382932
544,Red Dragon,tt0289765
548,Requiem for a Dream,
549,Reservoir Dogs,tt0105236
550,Resident Evil,tt0120804
552,Resident Evil: Apocalypse,tt0318627
553,Resident Evil: Extinction,tt0432021
556,Riddick (Unrated Director's Cut),
559,Rings,tt0498381
565,Roman Holiday,tt0046250
574,Saving Private Ryan,tt0120815
575,Saw,tt0387564
577,Saw II,tt0432348
578,Saw III,tt0489270
579,Saw IV,tt0890870
580,Saw The Final Chapter,
585,Schindler's List,tt0108052
587,Scream,tt0117571
594,Shakespeare in Love,tt0138097
595,Shaun of the Dead,tt0365748
598,Sherlock Holmes,tt0988045
599,Shrek,tt0126029
600,Shrek 2,tt0298148
601,Shrek Forever After,tt0892791
602,Shrek the Third,tt0413267
609,"Sin City: Recut, Extended, Unrated",
614,Sixteen Candles,tt0088128
618,Sleepy Hollow,tt0162661
621,Snitch,tt0882977
628,Space Jam,tt0117705
629,Spaceballs,tt0094012
631,Speed,tt0111257
633,Spider-Man,tt0145487
647,Stardust,tt0486655
648,Stargate,tt0111282
649,Step Brothers,tt0838283
650,Stephen King's Graveyard Shift,
651,Stephen King's Silver Bullet,
652,Stephen King's Thinner,
653,Straight Outta Compton (Unrated Director's Cut),
657,Superman Returns,tt0348150
659,Sweeney Todd: The Demon Barber of Fleet Street,tt0408236
660,Swingers,tt0117802
661,Taken,tt0936501
662,Taken (Extended Cut),
665,Tales from the Darkside: The Movie,tt0100740
667,Taxi Driver,tt0075314
672,Tenacious D In the Pick of Destiny,tt0365830
674,Terminator 2: Judgment Day,tt0103064
675,Terminator 3: Rise of the Machines,tt0181852
679,The 40-Year-Old Virgin,
680,The Addams Family,tt0101272
684,The Amityville Horror,tt0384806
686,The Big Lebowski,tt0118715
688,The Birdcage,tt0115685
690,The Blair Witch Project,tt0185937
692,The Bourne Identity,tt0258463
694,The Bourne Supremacy,tt0372183
695,The Bourne Ultimatum,tt0440963
696,The Boxtrolls,tt0787474
697,The Boy Who Saw the Wind,tt0784145
699,The Breakfast Club,tt0088847
703,The Cable Guy,tt0115798
706,The Cider House Rules,tt0124315
709,The Count of Monte Cristo,tt0245844
711,The Curious Case of Benjamin Button,tt0421715
712,The Da Vinci Code,tt0382625
713,The Danish Girl,tt0810819
714,The Dark Knight,tt0468569
717,The Day After Tomorrow,tt0319262
718,The Dead Zone,tt0085407
719,The Descent,tt0435625
720,The Devil Wears Prada,tt0458352
722,The Divergent Series: Allegiant,
726,The English Patient,tt0116209
729,The Family Stone,tt0356680
730,The Fast and the Furious,tt0232500
731,The Fast and the Furious: Tokyo Drift,tt0463985
733,The Fifth Element,tt0119116
734,The Fighter,tt0964517
735,The Final Destination 4,
742,The Godfather,tt0068646
743,The Godfather Part II,tt0071562
744,The Godfather Part III: The Coppola Restoration,
751,The Grudge,tt0391198
758,The Harvey Girls,tt0038589
761,The Hitchhikers Guide to the Galaxy,
763,The Hobbit: An Unexpected Journey,tt0903624
767,The Holiday,tt0457939
768,The Host,tt0468492
777,The Incredibles,tt0317705
780,The Italian Job,tt0317740
782,The Karate Kid,tt0087538
784,The Last House on the Left (Unrated) [2009],
785,The Last of the Mohicans (Director's Definitive Cut),
790,The Limey,tt0165854
797,The Lord of the Rings: The Fellowship of the Ring,tt0120737
798,The Lord of the Rings: The Return of the King,
799,The Lord of the Rings: The Two Towers,
800,The Lost Boys,tt0093437
801,The Lost World: Jurassic Park,tt0119567
803,The Matrix,tt0133093
804,The Matrix Reloaded,tt0234215
805,The Matrix Revolutions,tt0242653
809,The Midnight Meat Train,tt0805570
810,The Mummy,tt0120616
812,The Mummy: Tomb of the Dragon Emperor,tt0859163
813,The Neverending Story,tt0088323
815,The Nightmare Before Christmas,tt0107688
820,The Perfect Storm,tt0177971
822,The Polar Express,tt0338348
823,The Possession,tt0431021
824,The Prestige,tt0482571
825,The Princess Bride,tt0093779
830,The River Wild,tt0110997
831,The Rocky Horror Picture Show,tt0073629
832,The Running Man,tt0093894
833,The Sandlot,tt0108037
834,The Santa Clause,tt0111070
837,The Secret Life of Walter Mitty,tt0359950
839,The Shawshank Redemption,tt0111161
840,The Shining,tt0081505
842,The Sound of Music,tt0059742
847,The Terminator,tt0088247
851,The Town That Outlawed Christmas,tt0376932
852,The Truman Show,tt0120382
860,The Wizard of Oz,tt0032138
861,The Wolf of Wall Street,tt0993846
866,The World Is Not Enough,tt0143145
869,There's Something About Mary,tt0129387
872,Thor,tt0800369
875,Titanic,tt0120338
876,Tommy Boy,tt0114694
877,Tomorrow Never Dies,tt0120347
879,Top Gun,tt0092099
880,Total Recall (Newly Remastered),
881,Tower Heist,tt0471042
882,Toy Story 3,tt0435761
885,Trading Places,tt0086465
890,Tremors,tt0100814
893,Tropic Thunder,
895,Twister: A Musical Catastrophe,tt0111522
897,Tyler Perry's Boo 2! - A Madea Halloween,
898,Tyler Perry's Boo! A Madea Halloween,
904,Up In Smoke,tt0078446
908,V for Vendetta,tt0434409
910,Vegas Vacation,tt0120434
918,Wayne's World 2,tt0108525
922,Who's Afraid of Virginia Woolf?,tt0061184
927,Wonder Woman,tt0451279
929,World War Z,tt0816711
931,Wrong Turn 2,
933,X-Men Origins: Wolverine,tt0458525
938,X-Men: The Last Stand,tt0376994
940,xXx,tt0295701
942,Zodiac,tt0443706
944,Zoolander No. 2 (The Magnum Edition),
945,Sunshine,
946,The Fugitive,
947,Close Encounters of the Third Kind,
948,The Green Mile,
951,Scarface,
954,American Gangster,
958,Clear and Present Danger,
959,The Sum of All Fears,
960,The Hunt for Red October,
963,Alien,
966,Apollo 13,
971,Mystic River,tt0327056
973,Ant-Man,tt0478970
976,Dirty Harry,tt0066999
9,Alien,
11,Aliens,
14,American Gangster (Unrated Extended Edition),
16,American Pie (Unrated),
17,American Psycho (Uncut Version),
19,The Amityville Horror (1979),
21,Angel Heart,
28,Ant-Man,
30,Apocalypse Now (Final Cut),
31,Apollo 13,
32,Aquaman (2018),
34,Arthur (2011),
39,Austin Powers in Goldmember,
40,Austin Powers: International Man of Mystery,
42,The Avengers,
47,Back to the Future,
48,Back to the Future Part II,
49,Back to the Future Part III,
53,Basic Instinct,
55,Batman,
56,Batman Begins,
57,Batman Returns,
60,Beauty and the Beast (2017),
61,Behind Enemy Lines,
62,Beverly Hills Cop,
65,The Big Lebowski,
67,Big Trouble In Little China,
68,The Birdcage,
73,Black Swan,
76,The Blair Witch Project,
81,The Boss (Unrated),
82,The Bourne Identity,
84,The Bourne Supremacy,
85,The Bourne Ultimatum,
86,The Boxtrolls,
87,The Boy (2016),
88,The Boy Next Door (2015),
91,Braveheart,
92,Breakfast At Tiffany's,
93,The Breakfast Club,
94,Bridesmaids (Unrated),
101,By the Light of the Silvery Moon (1953),
102,By the Sea (2015),
105,The Cable Guy,
114,Carrie (1976),
116,Casablanca,
117,Casino,
118,Cast Away,
120,Charlie and the Chocolate Factory,
121,Charlie's Angels,
125,Christine,
127,A Christmas Story,
128,Christmas With the Kranks,
129,The Cider House Rules,
130,Cinderella (2015),
131,Clear and Present Danger,
132,Clerks,
133,Close Encounters of the Third Kind,
134,Clue,
135,Clueless,
136,Coco (2017),
140,Constantine,
143,Cool Hand Luke,
144,The Count of Monte Cristo,
148,Cowboys & Aliens,
149,Crash,
153,"Crouching Tiger, Hidden Dragon",
155,Cujo,
157,The Curious Case of Benjamin Button,
158,The Da Vinci Code,
161,Dallas Buyers Club,
162,The Danish Girl,
163,The Dark Knight,
168,A Date With Judy,
170,The Day After Tomorrow,
171,The Dead Zone,
174,Death Becomes Her,
175,Death on the Nile (2022),
177,Deep Impact,
182,The Devil Wears Prada,
183,Die Hard,
184,Die Hard 2: Die Harder,
185,Die Hard: With a Vengeance,
186,Dirty Dancing,
187,Dirty Girl (2007),
188,Dirty Grandpa (Unrated),
189,Dirty Harry,
191,The Divergent Series: Allegiant,
192,The Divergent Series: Insurgent,
199,Dr. Seuss' Horton Hears a Who!,
200,Dr. Seuss' How the Grinch Stole Christmas,
201,Dr. Seuss' the Lorax,
202,Dracula Untold,
205,Drugstore Cowboy,
212,E.T. The Extra-Terrestrial,
213,Earth Girls Are Easy,
216,Edward Scissorhands,
217,Elemental (2023),
218,Elf (2003),
224,Endless Love (2014),
225,The English Patient,
226,Erin Brockovich,
230,Eternal Sunshine of the Spotless Mind,
231,Everest (2015),
238,The Family Stone,
242,Fantasy Island (Unrated Edition),
243,Fast & Furious 6 (Extended Edition),
244,The Fast and the Furious,
245,The Fast and the Furious: Tokyo Drift,
248,Ferris Bueller's Day Off,
249,Fiddler On the Roof,
250,The Fifth Element,
254,Fight Club,
255,The Fighter (2010),
256,Final Destination,
257,Final Destination 2,
258,Final Destination 3,
259,The Final Destination 4,
262,Finding Nemo,
267,Flightplan,
271,Forrest Gump,
279,The Fugitive,
281,Furious 7 (Extended Edition),
285,Game Night (2018),
286,Gangs of New York (2002),
289,Gentlemen Prefer Blondes,
293,Ghost,
296,Ghostbusters,
298,Ghostbusters II,
300,The Gift (2015),
301,The Girl On the Train (2016),
302,Gladiator,
305,Glengarry Glen Ross,
307,The Godfather,
308,The Godfather Part II,
309,The Godfather Part III: The Coppola Restoration,
315,Good Will Hunting,
318,Gran Turismo: Based on a True Story,
321,Grease,
325,The Green Mile,
327,Gremlins,
329,Groundhog Day,
336,The Gunman (2015),
338,"Hail, Caesar!",
339,Hall Pass,
340,Halloween (2018),
341,Halloween Kills (Extended Cut),
342,Hancock,
345,Hansel & Gretel: Witch Hunters (Unrated),
350,Harold & Kumar Go to White Castle,
351,Harry Potter and the Chamber of Secrets,
352,Harry Potter and the Deathly Hallows – Part 1,
353,"Harry Potter and the Deathly Hallows, Part 1",
355,Harry Potter and the Goblet of Fire,
356,Harry Potter and the Half-Blood Prince,
357,Harry Potter and the Order of the Phoenix,
358,Harry Potter and the Prisoner of Azkaban,
359,Harry Potter and the Sorcerer's Stone,
360,The Harvey Girls,
370,The Hitchhikers Guide to the Galaxy,
372,The Hobbit: An Unexpected Journey,
373,The Hobbit: An Unexpected Journey (Extended Edition),
375,The Hobbit: The Battle of the Five Armies (Extended Edition),
378,Hocus Pocus,
379,The Holiday,
380,Holiday Inn,
382,Home Alone,
383,Homefront (2013),
384,Hook,
386,The Host (2013),
387,Hot Tub Time Machine (Unrated),
389,House Party,
391,How the Grinch Stole Christmas: The Ultimate Edition,
393,Hugo,
399,The Hunt (2020),
400,The Hunt for Red October,
401,The Huntsman: Winter's War (Extended Edition),
404,Ice Age,
410,The Incredibles,
412,Independence Day,
415,Indiana Jones and the Raiders of the Lost Ark,
416,Indiana Jones and the Temple of Doom,
418,Inglourious Basterds,
420,Inside Out (2015),
425,Interstellar,
426,Interview With the Vampire: The Vampire Chronicles,
427,Into the Woods (2014),
431,Isn't It Romantic (2019),
435,It's a Wonderful Life,
437,Jack Reacher,
442,Jaws,
449,Joyeux Noel,
451,Jumanji,
454,Jumper,
455,Jurassic Park,
456,Jurassic Park III,
457,Jurassic World,
460,Justice League,
461,The Karate Kid,
462,Kelly's Heroes,
465,Kickboxer,
466,Kill Bill: Volume 1,
467,Kill Bill: Volume 2,
472,A Knight's Tale,
479,Labyrinth,
480,Lara Croft Tomb Raider: The Cradle of Life,
481,Lara Croft: Tomb Raider,
483,The Last House on the Left (Unrated) [2009],
484,The Last of the Mohicans (Director's Definitive Cut),
488,A League of Their Own,
489,Legally Blonde,
490,"Legally Blonde 2: Red, White and Blonde",
493,Les Misérables (2012),
495,Lethal Weapon,
496,Letters from Iwo Jima,
497,Liar Liar,
500,The Limey,
502,Lincoln,
505,Little Boy (2015),
506,Little Fockers,
507,The Little Mermaid (1989),
508,Live Die Repeat: Edge of Tomorrow,
509,Live Free or Die Hard,
518,The Lord of the Rings: The Fellowship of the Ring,
519,The Lord of the Rings: The Fellowship of the Ring (Extended Edition),
520,The Lord of the Rings: The Return of the King (Extended Edition),
521,The Lord of the Rings: The Two Towers (Extended Edition),
522,The Lost Boys,
523,The Lost World: Jurassic Park,
524,Love Actually,
529,Ma (2019),
530,Mad Max,
538,Mamma Mia! The Movie,
540,Manhunter,
543,Master and Commander: The Far Side of the World,
544,The Matrix,
545,The Matrix Reloaded,
546,The Matrix Revolutions,
549,Mean Girls,
553,Memento,
554,Men In Black,
556,Men In Black II,
558,MIB: International,
561,Million Dollar Baby,
562,A Million Ways to Die In the West (Unrated),
565,Minority Report,
566,Misery,
568,Miss Congeniality 2: Armed and Fabulous,
575,"Monsters, Inc.",
578,Mr. & Mrs. Smith (2005),
581,The Mummy,
582,The Mummy (2017),
583,The Mummy: Tomb of the Dragon Emperor,
586,My Cousin Vinny,
587,My Fair Lady,
588,Mystic River,
589,National Lampoon's Christmas Vacation,
590,Needful Things,
593,The Neverending Story,
598,The Nightmare Before Christmas,
600,No Country for Old Men,
616,Ocean's Thirteen,
617,Ocean's Twelve,
620,One True Thing,
627,Out of Africa,
632,Pan's Labyrinth,
633,Paranormal Activity 4 (Extended Edition),
634,Paranormal Activity: The Ghost Dimension (New Extended Cut),
637,Passengers (2016),
638,Patriot Games,
641,Pay It Forward,
644,The Perfect Storm,
645,Pet Sematary,
647,Pi,
654,"Planes, Trains and Automobiles",
656,The Polar Express,
657,Poltergeist,
658,Poltergeist II: The Other Side,
661,The Possession,
662,Practical Magic,
663,The Prestige,
665,Prime,
666,Prince of Persia: The Sands of Time,
667,The Princess Bride,
672,Psycho (1960),
673,Pulp Fiction,
674,Pumpkinhead,
678,Puss In Boots,
680,R.I.P.D.,
681,Radio,
683,Rambo: First Blood,
686,Ratatouille,
691,Red Dragon,
695,Requiem for a Dream (Director's Cut),
696,Reservoir Dogs,
697,Resident Evil,
699,Resident Evil: Apocalypse,
700,Resident Evil: Extinction,
704,Riddick (Unrated Director's Cut),
707,Rings,
710,The River Wild,
713,The Rocky Horror Picture Show,
715,Roman Holiday,
717,The Running Man,
723,The Sandlot,
724,The Santa Clause,
727,Saving Private Ryan,
728,Saw The Final Chapter,
732,Schindler's List,
735,Scream,
737,The Secret Life of Walter Mitty,
745,Shakespeare in Love,
746,Shaun of the Dead,
747,The Shawshank Redemption,
751,The Shining,
752,Shrek,
753,Shrek 2,
754,Shrek Forever After,
755,Shrek the Third,
759,Silent Hill: Revelation,
762,"Sin City: Recut, Extended, Unrated",
766,Sisters (Unrated),
767,Sixteen Candles,
771,Sleepy Hollow,
774,Snitch,
775,Snow White & the Huntsman (Extended Edition),
777,The Snowman (2017),
782,The Sound of Music,
784,Space Jam,
785,Spaceballs,
787,Speed,
789,Spider-Man,
797,Split (2017),
805,Stardust,
806,Stargate,
807,Step Brothers,
808,Stephen King's Graveyard Shift,
809,Stephen King's Silver Bullet,
810,Stephen King's Thinner,
811,Straight Outta Compton (Unrated Director's Cut),
816,The Sum of All Fears,
817,Sunshine,
820,Superman Returns,
822,Sweeney Todd: The Demon Barber of Fleet Street,
823,Swingers,
825,Taken (Extended Cut),
828,Tales from the Darkside: The Movie,
830,Taxi Driver,
832,Ted 2 (Unrated),
833,Teenage Mutant Ninja Turtles (2014),
835,Tenacious D In the Pick of Destiny,
837,The Terminator,
838,Terminator 2: Judgment Day,
839,Terminator 3: Rise of the Machines,
844,There's Something About Mary,
847,Thor,
848,Thor,
853,Titanic,
855,Top Gun,
856,Total Recall (Newly Remastered),
857,Tower Heist,
858,The Town (2010),
859,Toy Story 3,
862,Trading Places,
867,Tremors,
870,Tropic Thunder (Director's Cut),
872,The Truman Show,
873,Turbo (2013),
874,The Turning (2020),
875,The Twilight Saga: Breaking Dawn - Part 1 (Extended Edition),
879,Tyler Perry's Boo 2! - A Madea Halloween,
880,Tyler Perry's Boo! A Madea Halloween,
884,Under the Tuscan Sun,
886,Unforgiven,
887,Unfriended (2014),
888,Up In Smoke,
892,V for Vendetta,
894,Vegas Vacation,
899,A Walk Among the Tombstones,
906,We're the Millers (2013),
908,Who's Afraid of Virginia Woolf?,
912,The Wizard of Oz,
913,The Wolf of Wall Street,
919,Wonder Woman (2017),
921,World War Z,
924,Wrong Turn 2 (Unrated),
926,X-Men Origins: Wolverine,
931,X-Men: The Last Stand,
932,X2: X-Men United,
933,Yesterday (2019),
935,Zodiac,
937,Zoolander No. 2 (The Magnum Edition),
938,3:10 to Yuma,
939,9 To 5,
945,21 Grams,
948,The 40-Year-Old Virgin (Unrated),
954,2001: A Space Odyssey,
