1,10 Cloverfield Lane,2016,tt1179933,csv
2,12 Angry Men,1957,,tmdb_only
3,13 Hours: The Secret Soldiers of Benghazi,2016,tt4172430,csv
4,1917,2019,tt8579674,csv
5,2001: A Space Odyssey,1968,,tmdb_only
6,21 & Over,2013,tt1711425,csv
7,21 Bridges,2019,tt8688634,csv
8,21 Grams,2003,,tmdb_only
9,21 Jump Street,2012,tt1232829,csv
10,22 Jump Street,2014,tt2294449,csv
11,300,2007,tt33397756,omdb_title_year
12,300: Rise of an Empire,2014,tt1253863,csv
13,3:10 to Yuma,1957,,tmdb_only
14,47 Meters Down,2017,tt2932536,csv
15,47 Ronin,2013,tt1335975,csv
16,A Christmas Carol,2000,tt1067106,omdb_title_only
17,A Christmas Story,2019,tt10326928,csv
18,A Cure for Wellness,2017,tt4731136,csv
19,A Date With Judy,1948,,tmdb_only
20,A Ghost Story,1990,tt6265828,omdb_title_only
21,A Glitch in the Matrix,2021,tt9847360,csv
22,A Good Day to Die Hard,2013,tt1606378,csv
23,A Haunting in Venice,2023,tt22687790,csv
24,A Knight's Tale,2001,,tmdb_only
25,A League of Their Own,1992,,tmdb_only
26,A Million Ways to Die In the West,2014,tt2557490,tmdb
27,A Nightmare on Elm Street,2010,tt1179056,csv
28,A Quiet Place,2018,tt6644200,csv
29,A Simple Favor,2018,tt7040874,csv
30,A Star Is Born,2018,tt1517451,csv
31,A Walk Among the Tombstones,2014,,tmdb_only
32,Abraham Lincoln: Vampire Hunter,2012,tt1611224,csv
33,Ad Astra,2019,tt2935510,csv
34,Admission,2013,tt1814621,csv
35,Alien: Covenant,2017,tt2316204,csv
36,Aliens,1986,,tmdb_only
37,American Hustle,2013,tt1800241,csv
38,American Pie,1999,,tmdb_only
39,Anchorman 2: The Legend Continues,2013,tt1229340,csv
40,Angel Heart,1987,,tmdb_only
41,Anna,2013,tt1715336,csv
42,Annabelle,2014,tt3322940,csv
43,Annabelle: Creation,2017,tt5140878,csv
44,Annihilation,2018,tt2798920,csv
45,Antebellum,2020,tt10065694,csv
47,Aquaman,2018,tt8457394,csv
48,Arrival,2016,tt2543164,csv
49,Arthur Christmas,2011,tt1430607,csv
50,"As Above, So Below",2014,tt2870612,csv
51,Austin Powers In Goldmember,2002,,tmdb_only
52,Austin Powers: International Man of Mystery,1997,,tmdb_only
53,Avatar,2009,,tmdb_only
54,Avengers: Age of Ultron,2015,tt2395427,csv
55,Avengers: Endgame,2019,tt4154796,csv
56,Baby Driver,2017,tt3890160,csv
57,Back to the Future,1985,,tmdb_only
58,Back to the Future Part II,1989,,tmdb_only
59,Back to the Future Part III,1990,,tmdb_only
60,Bad Words,2013,tt2170299,csv
61,Barbie,2023,tt1517268,csv
62,Basic Instinct,1992,,tmdb_only
63,Batman,1989,,tmdb_only
64,Batman Begins,2005,,tmdb_only
65,Batman Returns,1992,,tmdb_only
66,Battleship,2012,tt1440129,csv
67,Baywatch,2017,tt1469304,csv
68,Beauty and the Beast,2017,tt2771200,csv
69,Behind Enemy Lines,2001,,tmdb_only
70,Beverly Hills Cop,1984,,tmdb_only
71,Big Eyes,2014,tt1126590,csv
72,Big Hero 6,2014,tt2245084,csv
73,Big Trouble In Little China,1986,,tmdb_only
74,Birdman,2015,tt5130912,csv
75,Birds of Prey and the Fantabulous Emancipation of One Harley Quinn,2020,tt7713068,csv
76,Black Mass,2015,tt1355683,csv
77,Black Swan,2010,,tmdb_only
78,Blackhat,2015,tt2717822,csv
79,Blair Witch,1999,tt1540011,omdb_title_only
80,Blockers,2018,tt2531344,csv
81,Blow,2001,,tmdb_only
82,Bohemian Rhapsody,2018,tt1727824,csv
83,Bombshell,2019,tt6394270,tmdb
84,Book Club,2023,tt18260564,csv
85,Boyhood,2014,tt1065073,csv
86,Brahms: The Boy II,2020,tt9173418,csv
87,Braveheart,1995,,tmdb_only
88,Breakfast At Tiffany's,1961,,tmdb_only
89,Bridesmaids,2011,tt1478338,tmdb
90,Bridge of Spies,2015,tt3682448,csv
91,Brightburn,2019,tt7752126,csv
92,Bros,2022,tt9731598,csv
93,Bullet Train,2025,tt33452974,csv
94,Bumblebee,2018,tt4701182,csv
95,Buried,2010,tt1462758,csv
96,By the Light of the Silvery Moon,1953,,tmdb_only
97,Scenes by the Sea: Takeshi Kitano,2000,,tmdb_only
98,Cadillac Records,2008,tt1042877,csv
99,Call Me By Your Name,2017,tt5726616,csv
100,Captain America: Civil War,2016,tt3498820,csv
101,Captain America: The Winter Soldier,2014,tt1843866,csv
102,Captain Marvel,2019,tt4154664,csv
103,Captain Phillips,2013,tt1535109,csv
104,Captive,2020,tt8273104,csv
105,Carrie,1976,,tmdb_only
106,Carrie,2013,tt1939659,csv
107,Casablanca,1943,,tmdb_only
108,Casino,1995,,tmdb_only
109,Cast Away,2000,,tmdb_only
110,Chaos Walking,2021,tt2076822,csv
111,Charlie and the Chocolate Factory,2005,,tmdb_only
113,Chef,2014,tt2883512,csv
114,Chicago,2002,,tmdb_only
115,Child's Play,1972,tt5203760,normalized
116,Christine,1958,,tmdb_only
117,Christmas With the Kranks,2004,,tmdb_only
118,Cinderella,2000,tt1661199,omdb_title_only
119,Clerks,1994,,tmdb_only
120,Clue,2022,tt23379618,csv
121,Clueless,1995,,tmdb_only
122,Coco,2000,tt2380307,omdb_title_only
123,Colossal,2017,tt4680182,csv
124,Constantine,2005,,tmdb_only
125,Contagion,2011,tt1598778,csv
126,Contraband,2012,tt1524137,csv
127,Cool Hand Luke,1967,,tmdb_only
128,Countdown,2019,tt10039344,csv
129,Cowboys & Aliens,2011,,tmdb_only
130,Crank,2006,,tmdb_only
131,Crank: High Voltage,2009,tt1121931,csv
132,Crash,1996,,tmdb_only
133,Crawl,2019,tt8364368,csv
134,Criminal,2016,tt3014866,csv
135,Crimson Peak,2015,tt2554274,csv
136,"Crouching Tiger, Hidden Dragon",2000,,tmdb_only
137,Crypto,2019,tt8563452,csv
138,Cujo,1983,,tmdb_only
139,Daddy's Home,2015,tt1528854,csv
140,Daddy's Home 2,2017,tt5657846,csv
141,Dallas Buyers Club,2013,,tmdb_only
142,Dark Web: Cicada 3301,2021,tt8110246,csv
143,Darkest Hour,2017,tt4555426,csv
144,Dawn of the Planet of the Apes,2014,tt2103281,csv
145,Deadpool,2016,tt1431045,csv
146,Deadpool & Wolverine,2024,tt6263850,csv
147,Death Becomes Her,1992,,tmdb_only
148,Death on the Nile,2022,tt7657566,csv
149,Death Race 2,2010,tt1500491,csv
150,Deep Impact,1998,,tmdb_only
151,Deepwater Horizon,2016,tt1860357,csv
152,Deliver Us from Evil,1971,tt2377322,omdb_title_only
153,Despicable Me 2,2013,tt1690953,csv
154,Die Another Day,2002,,tmdb_only
155,Die Hard,1988,,tmdb_only
157,Die Hard: With a Vengeance,1995,,tmdb_only
158,Dirty Dancing,2017,tt5262792,csv
159,Lisa Lampanelli: Dirty Girl,2007,,tmdb_only
160,Dirty Grandpa,2016,tt1860213,tmdb
161,Divergent,2014,tt1840309,csv
162,Django Unchained,2012,tt1853728,csv
163,Doctor Sleep,2002,tt5606664,omdb_title_only
164,Doctor Strange,2016,tt1211837,csv
165,Dolittle,2020,tt6673612,csv
166,Don Jon,2013,tt2229499,csv
167,Downsizing,2017,tt1389072,csv
170,Dr. Seuss' the Lorax,2012,tt1482459,csv
171,Dracula Untold,2014,,tmdb_only
172,Dredd,2012,tt1343727,csv
173,Drinking Buddies,2013,tt2265398,csv
174,Drugstore Cowboy,1989,,tmdb_only
175,Due Date,2010,tt1231583,csv
176,Dumb and Dumber To,2014,tt2096672,csv
177,Dumb Money,2023,tt13957560,csv
178,Dune,2021,tt1160419,csv
179,Dungeons & Dragons Honor Among Thieves,2023,tt2906216,csv
180,Duplex,2003,,tmdb_only
181,E.T. The Extra-Terrestrial,1982,,tmdb_only
182,Earth Girls Are Easy,1988,,tmdb_only
183,Earth: One Amazing Day,2017,tt6238896,csv
184,Easy A,2010,tt1282140,csv
185,Edward Scissorhands,1990,,tmdb_only
186,Elemental,2023,tt15789038,csv
188,ELLIS,2015,tt5109770,csv
189,Elvis,2022,tt3704428,csv
190,Ender's Game,2013,tt1731141,csv
191,Endless Love,1981,tt2318092,omdb_title_only
192,Endless Love,2014,tt2318092,csv
193,Erin Brockovich,2000,,tmdb_only
194,Escape Plan,2013,tt1211956,csv
195,Escape Room,2017,tt5748392,csv
196,Escape Room: Tournament of Champions,2021,tt9844522,csv
197,Eternal Sunshine of the Spotless Mind,2004,,tmdb_only
198,Everest,2015,tt2719848,csv
199,Everything Everywhere All at Once,2022,tt6710474,csv
200,Evil Dead 2,1992,tt3297314,omdb_title_only
201,Ex Machina,2007,tt1043842,csv
202,Eye In the Sky,2015,tt2057392,csv
203,Fantastic Beasts and Where to Find Them,2016,tt3183660,csv
204,Fantastic Beasts: The Crimes of Grindelwald,2018,tt4123430,csv
205,Fantastic Beasts: The Secrets of Dumbledore,2022,tt4123432,csv
206,Fantasy Island,2020,,tmdb_only
207,Fast & Furious 6,2001,tt1905041,omdb_title_only
208,Fear of Rain,2021,tt10037014,csv
209,Ferris Bueller's Day Off,1986,,tmdb_only
210,Fiddler On the Roof,1971,,tmdb_only
211,Fifty Shades Darker,2017,tt4465564,csv
212,Fifty Shades Freed,2018,tt4477536,csv
213,Fifty Shades of Grey,2015,tt2322441,csv
214,Fight Club,1999,,tmdb_only
215,Final Destination,2000,,tmdb_only
216,Final Destination 2,2003,,tmdb_only
217,Final Destination 3,2006,,tmdb_only
218,Final Destination 5,2011,tt1622979,csv
219,Finding Nemo,2003,,tmdb_only
220,First Man,2018,tt1213641,csv
221,Five Feet Apart,2019,tt6472976,csv
222,Flight,2012,tt1907668,csv
223,Flightplan,2005,,tmdb_only
224,Footloose,1984,,tmdb_only
225,Forrest Gump,1994,,tmdb_only
226,Freaky,2020,tt10919380,csv
227,Free Guy,2021,tt6264654,csv
228,Free State of Jones,2016,tt1124037,csv
230,Friday the 13th,1980,,tmdb_only
231,Friday the 13th Part 2,1981,,tmdb_only
232,Friday the 13th Part 3: The Memoriam Documentary,2017,tt3756302,csv
233,Friday the 13th: The Final Chapter,1984,,tmdb_only
234,Frozen,2010,tt1323045,csv
235,Frozen II,2019,tt4520988,csv
236,Furiosa: A Mad Max Saga,2024,tt12037194,csv
237,Furious 7,2015,tt2820852,tmdb
238,G.I. Joe: Retaliation,2013,tt1583421,csv
239,G.I. Joe: The Rise of Cobra,2009,tt1046173,csv
240,Game Night,2018,tt2704998,csv
241,Gangs of New York,2002,,tmdb_only
242,Gemini Man,2019,tt1025100,csv
243,Gentlemen Prefer Blondes,1953,,tmdb_only
244,Geostorm,2017,tt1981128,csv
245,Get Him to the Greek,2010,tt1226229,csv
246,Get Out,2017,tt5052448,csv
247,Ghost,1990,,tmdb_only
248,Ghost in the Shell,1995,tt1219827,omdb_title_only
249,Ghostbusters,1984,,tmdb_only
250,Ghostbusters,2016,tt1289401,csv
251,Ghostbusters II,1989,,tmdb_only
252,Ghostbusters: Afterlife,2021,tt4513678,csv
253,Gladiator,1992,,tmdb_only
254,Glass,2019,tt6823368,csv
255,Glengarry Glen Ross,1992,,tmdb_only
256,Gods of Egypt,2016,tt2404233,csv
257,Godzilla,2014,,tmdb_only
258,GoldenEye,1995,,tmdb_only
259,Gone Girl,2014,tt2267998,csv
260,Good Will Hunting,1997,,tmdb_only
261,Goosebumps 2,2018,tt5664636,csv
262,Gran Turismo: Based on a True Story,2023,tt4495098,csv
263,Gravity,2013,tt1454468,csv
264,Grease,1978,,tmdb_only
265,Green Room,2016,tt4062536,csv
266,Gremlins,1984,,tmdb_only
267,Groundhog Day,1993,,tmdb_only
268,Guardians of the Galaxy,2014,tt2015381,csv
269,Guardians of the Galaxy Vol. 2,2017,tt3896198,csv
270,Guardians of the Galaxy Vol. 3,2023,tt6791350,csv
271,Hacksaw Ridge,2016,tt2119532,csv
272,"Hail, Caesar!",2016,,tmdb_only
273,Hall Pass,2011,,tmdb_only
274,Halloween,2018,tt1502407,csv
275,Halloween Kills (Extended Cut),2021,tt10665338,csv
276,Hancock,2008,,tmdb_only
277,Hansel & Gretel,2013,tt1460002,csv
278,Hansel & Gretel: Witch Hunters,2013,tt1428538,csv
279,Happy Death Day,2017,tt5308322,csv
280,Happy Death Day 2U,2019,tt8155288,csv
281,Hardcore Henry,2015,tt3072482,csv
282,Harold & Kumar Go to White Castle,2004,,tmdb_only
283,Harry Potter and the Chamber of Secrets,2002,,tmdb_only
286,"Harry Potter and the Deathly Hallows, Part 2",2011,tt1201607,csv
287,Harry Potter and the Goblet of Fire,2005,,tmdb_only
288,Harry Potter and the Half-Blood Prince,2009,,tmdb_only
289,Harry Potter and the Order of the Phoenix,2007,,tmdb_only
290,Harry Potter and the Prisoner of Azkaban,2004,,tmdb_only
292,He's Just Not That Into You,2009,tt1001508,csv
293,Hellboy,2004,,tmdb_only
294,Her,2013,tt1798709,csv
295,Hercules,2014,tt1267297,csv
296,Hereditary,2018,tt7784604,csv
297,Hidden Figures,2016,tt4846340,csv
298,High Life,2009,tt1143110,csv
299,Hocus Pocus,2022,tt11909878,csv
300,Holiday Inn,1942,,tmdb_only
301,Holmes & Watson,2012,tt2108535,csv
302,Home Alone,1990,,tmdb_only
303,Homefront,2013,tt2312718,csv
304,Hook,1991,,tmdb_only
305,Horrible Bosses,2011,tt1499658,csv
306,Horton Hears a Who!,2008,,tmdb_only
307,Hot Tub Time Machine,2010,tt1231587,tmdb
308,Hot Tub Time Machine 2,2015,tt2637294,csv
309,House Party,1990,,tmdb_only
311,How to Train Your Dragon 2,2014,tt1646971,csv
312,Hugo,2011,,tmdb_only
313,Hustlers,2019,tt5503686,csv
314,"I, Frankenstein",2014,tt1418377,csv
315,Ice Age,2002,,tmdb_only
316,Identity Thief,2013,tt2024432,csv
317,If I Stay,2014,tt1355630,csv
318,Immortals,2011,tt1253864,csv
319,In Time,2011,tt1637688,csv
320,Inception,2010,tt1375666,csv
321,Incredibles 2,2018,tt3606756,csv
322,Independence Day,1996,,tmdb_only
323,Independence Day: Resurgence,2016,tt1628841,csv
324,Indiana Jones and the Dial of Destiny,2023,tt1462764,csv
326,Indiana Jones and the Temple of Doom,1984,,tmdb_only
327,Inferno,2016,tt3062096,csv
328,Inglourious Basterds,2009,,tmdb_only
329,Inherent Vice,2014,tt1791528,csv
330,Inside Out,2015,tt2096673,csv
331,Inside Out 2,2024,tt22022452,csv
332,Insidious: The Last Key,2018,tt5726086,csv
333,Instant Family,2018,tt7401588,csv
334,Interstellar,2014,,tmdb_only
336,Into the Woods,2014,tt2180411,csv
337,Iron Man 2,2010,tt1228705,csv
338,Iron Man 3,2013,tt1300854,csv
339,Isn't It Romantic,2019,tt2452244,csv
340,It,2017,tt6529334,csv
341,It Chapter Two,2019,tt7349950,csv
342,It Comes at Night,2017,tt4695012,csv
343,It Follows,2015,tt3235888,csv
344,It's a Wonderful Life,1946,,tmdb_only
345,It's Complicated,2009,tt1230414,csv
346,Jack Reacher,2012,,tmdb_only
347,Jack Reacher: Never Go Back,2016,tt3393786,csv
348,Jack Ryan: Shadow Recruit,2014,tt1205537,csv
349,Jackass Presents: Bad Grandpa,2013,tt3063516,csv
350,Jason Bourne,2016,tt4196776,csv
351,Jaws,1975,,tmdb_only
352,Jigsaw,2017,tt3348730,tmdb
353,John Wick,2014,tt2911666,csv
354,John Wick: Chapter 2,2017,tt4425200,csv
355,John Wick: Chapter 3 - Parabellum,2019,tt6146586,csv
356,John Wick: Chapter 4,2023,tt10366206,csv
357,Joker,2019,tt7286456,csv
358,Joy,2015,tt2446980,csv
359,Joyeux Noel,2005,,tmdb_only
360,Jumanji,1995,,tmdb_only
361,Jumanji: The Next Level,2019,tt7975244,csv
362,Jumanji: Welcome to the Jungle,2017,tt2283362,csv
363,Jumper,2008,,tmdb_only
364,Jurassic Park,1993,,tmdb_only
365,Jurassic Park III,2001,,tmdb_only
366,Jurassic World,2015,,tmdb_only
367,Jurassic World Dominion,2022,tt8041270,csv
368,Jurassic World: Fallen Kingdom,2018,tt4881806,csv
369,Justice League,2017,,tmdb_only
370,Kick-Ass,2010,tt1250777,csv
371,Kick-Ass 2,2013,tt1650554,csv
372,Kickboxer,1989,,tmdb_only
375,Killers,2010,tt1103153,csv
376,Killers of the Flower Moon,2023,tt5537002,csv
377,Kingdom of the Planet of the Apes,2024,tt11389872,csv
378,Kingsman: The Golden Circle,2017,tt4649466,csv
379,Kingsman: The Secret Service,2015,tt2802144,csv
380,Knives Out,2019,tt8946378,csv
381,Kong: Skull Island,2017,tt3731562,csv
382,Krampus,2015,tt3850590,csv
383,La La Land,2016,tt3783958,csv
384,Labor Day,2013,tt1967545,csv
385,Labyrinth,2024,tt32404356,omdb_title_year
387,Lara Croft: Tomb Raider,2001,,tmdb_only
388,Lawless,2012,tt1212450,csv
389,Legally Blonde,2001,,tmdb_only
391,Les misérables,2000,tt1707386,omdb_title_only
392,Let's Be Cops,2014,tt1924435,csv
393,Lethal Weapon,1987,,tmdb_only
394,Lexi,2022,tt13451112,csv
395,Liar Liar,1997,,tmdb_only
396,Life,2017,tt5442430,csv
397,Lights Out,2013,tt3605002,csv
398,Limitless,2011,tt1219289,csv
399,Lincoln,2012,,tmdb_only
400,Little Boy,2015,tt1810683,csv
401,Little Fockers,2010,,tmdb_only
402,Live Die Repeat: Edge of Tomorrow,2014,tt1631867,csv
403,Live Free or Die Hard,2007,,tmdb_only
404,Lockout,2012,tt1592525,csv
405,Logan,2017,tt3315342,csv
406,London Has Fallen,2016,tt3300542,csv
407,Lone Survivor,2013,tt1091191,csv
408,Long Shot,2017,tt7344360,csv
409,Love Actually,2003,,tmdb_only
410,Love and Monsters,2020,tt2222042,csv
411,"Love, Simon",2018,tt5164432,csv
412,Lucy,2014,tt2872732,csv
413,M3GAN,2022,tt8760708,csv
414,Ma,2019,tt7958736,csv
415,Mad Max,1979,,tmdb_only
416,Mad Max: Fury Road,2015,tt1392190,csv
417,Magic Mike,2012,tt1915581,csv
418,Maleficent,2014,tt1587310,csv
419,Maleficent: Mistress of Evil,2019,tt4777008,csv
420,Malignant,2021,tt3811906,csv
421,Mama,2025,tt35049002,csv
422,Mamma Mia! Here We Go Again,2018,tt6911608,csv
424,Man of Steel,2013,,tmdb_only
425,Manhunter,1974,,tmdb_only
426,Maps to the Stars,2014,tt2172584,csv
427,Master and Commander: The Far Side of the World,2003,,tmdb_only
428,Maze Runner: The Scorch Trials,2015,tt4046784,csv
429,Mean Girls,2004,,tmdb_only
430,Mechanic: Resurrection,2016,tt3522806,csv
431,Meet Me In St. Louis,1944,tt3352232,normalized
432,Melancholia,2011,tt1527186,csv
433,Memento,2000,,tmdb_only
434,Men In Black,1997,,tmdb_only
435,Men In Black 3,2012,tt1409024,csv
436,Men In Black II,2002,,tmdb_only
437,MIB: International,2019,tt2283336,csv
438,Midway,2019,tt6924650,csv
439,Mike and Dave Need Wedding Dates,2016,tt2823054,csv
440,Minions,2015,tt2293640,csv
441,Misery,1990,,tmdb_only
442,Miss Congeniality,2000,,tmdb_only
443,Miss Congeniality 2: Armed and Fabulous,2005,,tmdb_only
444,Missing Link,2019,tt6348138,csv
445,Mission: Impossible - Fallout,2018,tt4912910,csv
446,Mission: Impossible - Ghost Protocol,2011,tt1229238,csv
447,Mission: Impossible - Rogue Nation,2015,tt2381249,csv
448,Moana,2016,tt3521164,csv
449,Monster Hunter,2020,tt6475714,csv
450,"Monsters, Inc.",2001,,tmdb_only
451,Moon,2009,tt1182345,csv
452,mother!,2018,tt13039074,csv
453,Mr. & Mrs. Smith,2005,tt2923564,normalized
454,Mrs. Doubtfire,1993,tt1287348,normalized
455,Mud,2013,tt1935179,csv
456,Murder On the Orient Express,2017,tt3402236,csv
457,My Big Fat Greek Wedding,2002,,tmdb_only
458,My Big Fat Greek Wedding 2,2016,tt3760922,csv
459,My Cousin Vinny,1992,,tmdb_only
460,My Fair Lady,1964,,tmdb_only
461,National Lampoon's Christmas Vacation,1989,,tmdb_only
462,Needful Things,1993,,tmdb_only
463,Neighbors,1920,tt2004420,omdb_title_only
464,Neighbors 2: Sorority Rising,2016,tt4438848,csv
465,Night At the Museum: Secret of the Tomb,2014,tt2692250,csv
466,Nightcrawler,2014,tt2872718,csv
467,Nightmare Alley,2021,tt7740496,csv
468,No Country for Old Men,2007,,tmdb_only
469,No Hard Feelings,2023,tt15671028,csv
470,No Strings Attached,2011,tt1411238,csv
471,Noah,2014,tt1959490,csv
472,Non-Stop,2015,tt3065978,csv
473,Nope,2022,tt10954984,csv
474,Norm of the North,2018,tt7913394,csv
475,Now You See Me,2013,tt1670345,csv
476,Now You See Me 2,2016,tt3110958,csv
477,"O Brother, Where Art Thou?",2000,tt16992456,normalized
478,Oblivion,2013,tt1483013,csv
479,Ocean's 8,2018,tt5164214,csv
480,Ocean's Eleven,2001,,tmdb_only
481,Ocean's Thirteen,2007,,tmdb_only
482,Ocean's Twelve,2004,,tmdb_only
483,Office Christmas Party,2016,tt1711525,csv
484,Once Upon a Time...in Hollywood,2019,tt7131622,csv
485,One True Thing,1998,,tmdb_only
486,Orphan,2009,tt1148204,csv
487,Ouija,2014,tt1204977,csv
488,Ouija: Origin of Evil,2016,tt4361050,csv
489,Out of Africa,1985,,tmdb_only
490,Oz the Great and Powerful,2013,tt1623205,csv
491,Pacific Rim,2013,tt1663662,csv
492,Pain & Gain,2013,tt1980209,csv
493,Pan's Labyrinth,2006,,tmdb_only
494,Paranormal Activity 4,2012,tt2109184,tmdb
496,Paranormal Activity: The Marked Ones,2014,tt2473682,csv
497,Parasite,2019,tt6751668,tmdb
498,Passengers,2016,tt1355644,tmdb
499,Patriots Day,2016,tt4572514,csv
500,Pawn Sacrifice,2014,tt1596345,csv
501,Pay It Forward,2000,,tmdb_only
502,Peppermint,2018,tt6850820,csv
503,Percy Jackson: Sea of Monsters,2013,tt1854564,csv
504,Pet Sematary,1989,,tmdb_only
505,Pi,1998,,tmdb_only
506,Pirates of the Caribbean: Dead Men Tell No Tales,2017,tt1790809,csv
507,Pirates of the Caribbean: On Stranger Tides,2011,tt1298650,csv
508,Pitch Perfect,2012,tt1981677,csv
509,Pitch Perfect 2,2015,tt2848292,csv
510,Pitch Perfect 3,2017,tt4765284,csv
511,"Planes, Trains and Automobiles",1987,,tmdb_only
512,Pleasantville,1998,,tmdb_only
513,Poltergeist,1982,,tmdb_only
514,Poltergeist II: The Other Side,1986,,tmdb_only
515,Pompeii,2014,tt1921064,csv
516,Poor Things,2023,tt14230458,csv
517,Practical Magic,1998,,tmdb_only
518,Pride & Prejudice & Zombies,2014,tt3611056,csv
519,Prime,2005,,tmdb_only
520,Prince of Persia: The Sands of Time,2010,,tmdb_only
521,Project Almanac,2015,tt2436386,csv
522,Project X,2012,tt1636826,csv
523,Prometheus,2012,tt1446714,csv
524,Promised Land,2012,tt2091473,csv
525,American Psycho,2000,,tmdb_only
526,Pulp Fiction,1994,,tmdb_only
527,Pumpkinhead,1988,,tmdb_only
528,Puss In Boots,2011,,tmdb_only
529,R.I.P.D.,2013,,tmdb_only
530,Radio,2003,,tmdb_only
531,Ralph Breaks the Internet,2018,tt5848272,csv
532,Rambo,2008,,tmdb_only
533,Rambo III,1988,,tmdb_only
535,Rambo: First Blood Part II,1985,,tmdb_only
536,Rambo: Last Blood,2019,tt1206885,csv
537,Ran,1985,,tmdb_only
538,Rango,2011,tt1192628,csv
539,Ratatouille,2007,,tmdb_only
540,Ratchet & Clank,1996,tt2865120,csv
541,Ready or Not,2019,tt7798634,csv
542,Ready Player One,2018,tt1677720,csv
543,Red 2,2013,tt1821694,csv
544,Red Dragon,2002,,tmdb_only
545,Red Riding Hood,2011,tt1486185,csv
546,Red Rocket,2021,tt13453006,csv
547,Red Sparrow,2018,tt2873282,csv
548,Requiem for a Dream,2000,,tmdb_only
549,Reservoir Dogs,1992,,tmdb_only
550,Resident Evil,2002,,tmdb_only
551,Resident Evil: Afterlife,2010,tt1220634,csv
552,Resident Evil: Apocalypse,2004,,tmdb_only
553,Resident Evil: Extinction,2007,,tmdb_only
554,Resident Evil: Retribution,2012,tt1855325,csv
555,Resident Evil: The Final Chapter,2016,tt2592614,csv
557,Ride Along,2014,tt1408253,csv
558,Ride Along 2,2016,tt2869728,csv
559,Rings,2017,,tmdb_only
560,Rio 2,2014,tt2357291,csv
561,Rise of the Planet of the Apes,2011,tt1318514,csv
562,Rock the Kasbah,2015,tt3164256,csv
563,Rocketman,2019,tt2066051,csv
564,Rogue One: A Star Wars Story,2016,tt3748528,csv
565,Roman Holiday,1953,,tmdb_only
566,Rough Night,2017,tt4799050,csv
567,Rush,2013,tt1979320,csv
568,Sabotage,2014,tt1742334,csv
569,Safe,2012,tt1656190,csv
570,Safe House,2012,tt1599348,csv
571,San Andreas,2015,tt2126355,csv
572,Savages,2012,tt1615065,csv
573,Saving Mr. Banks,2013,tt2140373,csv
574,Saving Private Ryan,1998,,tmdb_only
575,Saw,2004,,tmdb_only
576,Saw 3D,2010,tt1477076,csv
577,Saw II,2005,,tmdb_only
578,Saw III,2006,,tmdb_only
579,Saw IV,2007,,tmdb_only
581,Saw V,2008,tt1132626,csv
582,Saw VI,2009,tt1233227,csv
583,Saw X,2023,tt21807222,csv
584,Scary Stories to Tell In the Dark,2019,tt3387520,csv
585,Schindler's List,1993,,tmdb_only
586,SCOOB!,2020,tt3152592,csv
587,Scream,1996,,tmdb_only
588,Seeking a Friend for the End of the World,2012,tt1307068,csv
589,Self/Less,2015,tt2140379,csv
590,Selma,2014,tt1020072,csv
591,Seven Psychopaths,2012,tt1931533,csv
592,Seventh Son,2014,tt1121096,csv
593,Sex and the City: The Movie,2008,tt16976248,csv
594,Shakespeare in Love,1998,,tmdb_only
595,Shaun of the Dead,2004,,tmdb_only
596,Shazam!,2019,tt6723576,normalized
597,Sherlock Gnomes,2018,tt2296777,csv
598,Sherlock Holmes,2009,,tmdb_only
599,Shrek,2001,,tmdb_only
600,Shrek 2,2004,,tmdb_only
601,Shrek Forever After,2010,,tmdb_only
602,Shrek the Third,2007,,tmdb_only
603,Shutter Island,2010,tt1130884,csv
604,Sicario,2015,tt3397884,csv
605,Silence,2016,tt5844048,tmdb
607,Silent House,2011,tt1767382,csv
608,Silver Linings Playbook,2012,tt1045658,csv
610,Sing,2016,tt3470600,csv
611,Sing 2,2021,tt6467266,csv
612,Sinister,2012,tt1922777,csv
613,Sisters,2015,tt1850457,tmdb
614,Sixteen Candles,1984,,tmdb_only
615,Skyfall,2012,tt1074638,csv
616,Skyscraper,2018,tt5758778,csv
617,Sleepless,2017,tt2072233,csv
618,Sleepy Hollow,1999,,tmdb_only
619,Smile,2022,tt15474916,csv
620,Snatched,2017,tt2334871,csv
621,Snitch,2013,,tmdb_only
622,Snow White & the Huntsman,2025,tt1735898,normalized
623,Snowden,2016,tt3774114,csv
624,Snowpiercer,2013,tt1706620,csv
625,Sonic The Hedgehog,2020,tt3794354,csv
626,Sonic the Hedgehog 2,2022,tt12412888,csv
627,Sonic The Hedgehog 3,2024,tt18259086,csv
628,Space Jam,1996,,tmdb_only
629,Spaceballs,1987,,tmdb_only
630,Spectre,2015,tt2379713,csv
631,Speed,1994,,tmdb_only
632,Spell,2020,tt10736580,csv
633,Spider-Man,2002,,tmdb_only
634,Spider-Man 2,2004,tt18351128,normalized
635,Spider-Man 3,2007,tt1132238,normalized
636,Spider-Man: Across the Spider-Verse,2023,tt9362722,csv
637,Spider-Man: Far From Home,2019,tt6320628,csv
638,Spider-Man: Homecoming,2017,tt2250912,csv
639,Spider-Man: No Way Home,2021,tt10872600,csv
640,Spiral: From the Book of Saw,2021,tt10342730,tmdb
641,Split,2016,tt4972582,csv
642,Spotlight,2015,tt1895587,csv
643,Star Trek Beyond,2016,tt2660888,csv
644,Star Trek Into Darkness,2013,tt1408101,csv
645,Star Wars: The Force Awakens,2015,tt10321138,csv
646,Star Wars: The Rise of Skywalker,2019,tt15662564,csv
647,Stardust,2007,,tmdb_only
648,Stargate,1994,,tmdb_only
649,Step Brothers,2008,,tmdb_only
654,Subservience,2024,tt24871974,csv
655,Suicide Squad,2016,tt1386697,csv
656,Supergirl,1984,tt4016454,omdb_title_only
657,Superman Returns,2006,,tmdb_only
658,Superman: The Movie,2016,tt5852184,csv
659,Sweeney Todd: The Demon Barber of Fleet Street,2007,,tmdb_only
660,Swingers,1996,,tmdb_only
661,Taken,2008,,tmdb_only
663,Taken 2,2012,tt1397280,csv
664,Taken 3,2014,tt2446042,csv
665,Tales from the Darkside: The Movie,1990,,tmdb_only
666,Talk To Me,2022,tt10638522,csv
667,Taxi Driver,1976,,tmdb_only
668,Ted,2012,tt1637725,csv
669,Ted 2,2015,tt2637276,tmdb
670,Teenage Mutant Ninja Turtles,2014,tt1291150,csv
671,Teenage Mutant Ninja Turtles: Out of the Shadows,2016,tt3949660,csv
672,Tenacious D In the Pick of Destiny,2006,,tmdb_only
673,Tenet,2020,tt6723592,csv
674,Terminator 2: Judgment Day,1991,,tmdb_only
675,Terminator 3: Rise of the Machines,2003,,tmdb_only
676,Terminator Genisys,2015,tt1340138,csv
677,Terminator: Dark Fate,2019,tt6450804,csv
678,Texas Chainsaw,2013,tt1572315,csv
680,The Addams Family,1991,,tmdb_only
681,The Adjustment Bureau,2011,tt1385826,csv
682,The Age of Adaline,2015,tt1655441,csv
683,The Amazing Spider-Man 2,2014,tt1872181,csv
684,The Amityville Horror,2005,,tmdb_only
685,The Batman,2022,tt1877830,csv
686,The Big Lebowski,1998,,tmdb_only
687,The Big Short,2015,tt1596363,csv
688,The Birdcage,1996,,tmdb_only
689,The Black Phone,2021,tt7144666,csv
690,The Blair Witch Project,1999,,tmdb_only
691,The Boss,2016,tt2702724,tmdb
692,The Bourne Identity,2002,,tmdb_only
693,The Bourne Legacy,2012,tt1194173,csv
694,The Bourne Supremacy,2004,,tmdb_only
695,The Bourne Ultimatum,2007,,tmdb_only
696,The Boxtrolls,2014,,tmdb_only
697,The Boy Who Saw the Wind,2000,,tmdb_only
698,The Boy Next Door,2015,tt3181822,csv
699,The Breakfast Club,1985,,tmdb_only
700,The Broken Hearts Gallery,2020,tt2140571,csv
701,The Bye Bye Man,2017,tt4030600,csv
702,The Cabin In the Woods,2011,tt1259521,csv
703,The Cable Guy,1996,,tmdb_only
704,The Call of the Wild,2020,tt7504726,csv
705,The Choice,2016,tt3797868,csv
706,The Cider House Rules,1999,,tmdb_only
707,The Conjuring,2013,tt1457767,csv
708,The Conjuring: The Devil Made Me Do It,2021,tt7069210,csv
709,The Count of Monte Cristo,2002,,tmdb_only
710,The Courier,2020,tt8368512,csv
711,The Curious Case of Benjamin Button,2008,,tmdb_only
712,The Da Vinci Code,2006,,tmdb_only
713,The Danish Girl,2015,,tmdb_only
714,The Dark Knight,2008,,tmdb_only
715,The Dark Knight Rises,2012,tt1345836,csv
716,The Darkness,2016,tt1878841,csv
717,The Day After Tomorrow,2004,,tmdb_only
718,The Dead Zone,1983,,tmdb_only
719,The Descent,2005,,tmdb_only
720,The Devil Wears Prada,2006,,tmdb_only
721,The Disappearance of Eleanor Rigby: Them,2014,tt3729920,csv
723,The Divergent Series: Insurgent,2015,tt2908446,csv
724,The DUFF,2015,tt1666801,csv
725,The Endless,2017,tt3986820,csv
726,The English Patient,1996,,tmdb_only
727,The Expendables,2010,tt1320253,csv
728,The Expendables 2,2012,tt1764651,csv
729,The Family Stone,2005,,tmdb_only
730,The Fast and the Furious,2001,,tmdb_only
731,The Fast and the Furious: Tokyo Drift,2006,,tmdb_only
732,The Fate of the Furious,2017,tt4630562,csv
733,The Fifth Element,1997,,tmdb_only
734,The Fighter,2010,,tmdb_only
736,The First Purge,2018,tt6133466,csv
737,The Forest,2016,tt3387542,csv
738,The Gambler,2014,tt2039393,csv
739,The Gentlemen,2019,tt8367814,csv
740,The Gift,2015,tt4178092,tmdb
741,The Girl on the Train,2016,tt3631112,csv
742,The Godfather,1972,,tmdb_only
743,The Godfather Part II,1974,,tmdb_only
745,The Good Liar,2019,tt5563334,csv
746,The Grand Budapest Hotel,2014,tt2278388,csv
747,The Great Gatsby,2013,tt1343092,csv
748,The Great Wall,2016,tt2034800,csv
749,The Green Inferno,2013,tt2403021,csv
750,The Grey,2011,tt1601913,csv
751,The Grudge,2004,,tmdb_only
752,The Guest,2014,tt2980592,csv
753,The Guilt Trip,2012,tt1694020,csv
754,The Gunman,2015,tt2515034,csv
755,The Hangover,2009,tt1119646,csv
756,The Hangover Part II,2011,tt1411697,csv
757,The Happytime Murders,2018,tt1308728,csv
758,The Harvey Girls,1946,,tmdb_only
759,The Hateful Eight,2015,tt3460252,csv
760,The Heat,2013,tt2404463,csv
762,The Hitman's Bodyguard,2017,tt1959563,csv
763,The Hobbit: An Unexpected Journey,2012,,tmdb_only
764,The Hobbit: The Battle of the Five Armies,2014,tt2310332,csv
765,The Hobbit: The Desolation of Smaug,2013,tt1170358,csv
766,The Hobbit: The Desolation of Smaug,2013,tt21824192,csv
767,The Holiday,2006,,tmdb_only
768,The Host,2006,,tmdb_only
769,The House With a Clock In Its Walls,2018,tt2119543,csv
770,The Hunger Games,2012,tt1392170,csv
771,The Hunger Games: Catching Fire,2013,tt1951264,csv
772,The Hunger Games: Mockingjay - Part 1,2014,tt1951265,csv
773,The Hunger Games: Mockingjay - Part 2,2015,tt1951266,csv
774,The Hunger Games: The Ballad of Songbirds and Snakes,2023,tt36110019,omdb_title_year
775,The Hunt,2012,tt8244784,csv
776,The Huntsman: Winter's War,2016,tt2381991,tmdb
777,The Incredibles,2004,,tmdb_only
778,The Internship,2013,tt2234155,csv
779,The Invisible Man,2020,tt1051906,csv
780,The Italian Job,2003,,tmdb_only
781,The Judge,2014,tt1872194,csv
782,The Karate Kid,1984,,tmdb_only
783,The Last Exorcism,2010,tt1320244,csv
786,The Last Voyage of the Demeter,2023,tt1001520,csv
787,The Last Witch Hunter,2015,tt1618442,csv
788,The Legend of Hercules,2014,tt1043726,csv
789,The LEGO Movie,2014,tt1490017,csv
790,The Limey,1999,,tmdb_only
791,The Lincoln Lawyer,2011,tt1189340,csv
792,The Lion King,1994,tt6105098,csv
794,The Lodge,2019,tt7347846,csv
795,The Loft,2014,tt1850397,csv
796,The Longest Ride,2015,tt2726560,csv
797,The Lord of the Rings: The Fellowship of the Ring,2001,,tmdb_only
798,The Lord of the Rings: The Return of the King,2003,,tmdb_only
799,The Lord of the Rings: The Two Towers,2002,,tmdb_only
800,The Lost Boys,1987,,tmdb_only
801,The Lost World: Jurassic Park,1997,,tmdb_only
802,The Martian,2015,tt3659388,csv
803,The Matrix,1999,,tmdb_only
804,The Matrix Reloaded,2003,,tmdb_only
805,The Matrix Revolutions,2003,,tmdb_only
806,The Maze Runner,2014,tt1790864,csv
807,The Meg,2018,tt4779682,csv
808,The Menu,2022,tt9764362,csv
809,The Midnight Meat Train,2008,,tmdb_only
810,The Mummy,1999,,tmdb_only
811,The Mummy,1999,tt2345759,csv
812,The Mummy: Tomb of the Dragon Emperor,2008,,tmdb_only
813,The Neverending Story,1984,,tmdb_only
814,The Nice Guys,2016,tt3799694,csv
815,The Nightmare Before Christmas,1993,,tmdb_only
816,The Northman,2022,tt11138512,csv
817,The Nun,2018,tt5814060,csv
818,The Other Side of the Door,2016,tt3702652,csv
819,The Other Woman,2014,tt2203939,csv
820,The Perfect Storm,2000,,tmdb_only
821,The Place Beyond the Pines,2012,tt1817273,csv
822,The Polar Express,2004,,tmdb_only
823,The Possession,2012,,tmdb_only
824,The Prestige,2006,,tmdb_only
825,The Princess Bride,1987,,tmdb_only
826,The Purge,2013,tt2184339,csv
827,The Purge: Anarchy,2014,tt2975578,csv
828,The Purge: Election Year,2016,tt4094724,csv
829,The Revenant,2015,tt1663202,csv
830,The River Wild,1994,,tmdb_only
831,The Rocky Horror Picture Show,1975,,tmdb_only
832,The Running Man,1987,,tmdb_only
833,The Sandlot,1993,,tmdb_only
834,The Santa Clause,1994,,tmdb_only
835,The Scorpion King 3: Battle for Redemption,2012,tt1781896,csv
836,The Secret Life of Pets,2016,tt2709768,csv
837,The Secret Life of Walter Mitty,2013,,tmdb_only
838,The Shack,2017,tt2872518,csv
839,The Shawshank Redemption,1994,,tmdb_only
840,The Shining,1980,,tmdb_only
841,The Snowman,2017,tt1758810,csv
842,The Sound of Music,1965,,tmdb_only
843,The Space Between Us,2017,tt3922818,csv
844,The Spy Who Dumped Me,2018,tt6663582,csv
845,The Suicide Squad,2021,tt6334354,csv
846,The Super Mario Bros. Movie,2023,tt6718170,csv
847,The Terminator,1984,,tmdb_only
848,The Theory of Everything,2014,tt2980516,csv
849,The Three Musketeers Part I: D'Artagnan,2023,tt12672536,csv
850,The Three Musketeers Part II: Milady,2023,tt12672620,csv
851,The Town That Outlawed Christmas,2000,,tmdb_only
852,The Truman Show,1998,,tmdb_only
853,The Turning,2020,tt7510346,csv
854,The Twilight Saga: Breaking Dawn - Part 1,2011,tt1324999,tmdb
855,The Twilight Saga: Breaking Dawn - Part 2,2012,tt1673434,csv
856,The Unbearable Weight of Massive Talent,2022,tt11291274,csv
857,The Visit,2015,tt3567288,csv
858,The Voices,2014,tt1567437,csv
859,The Way Back,2010,tt1023114,csv
860,The Wizard of Oz,1939,,tmdb_only
861,The Wolf of Wall Street,2013,,tmdb_only
862,The Wolf's Call,2019,tt7458762,csv
863,The Wolverine,2013,tt1430132,csv
864,The Woman In Black,2012,tt1596365,csv
865,The Woman King,2022,tt8093700,csv
866,The World Is Not Enough,1999,,tmdb_only
867,The World's End,2013,tt1213663,csv
868,The Young Messiah,2016,tt1002563,csv
869,There's Something About Mary,1998,,tmdb_only
870,This Is 40,2012,tt1758830,csv
871,This Is the End,2013,tt1245492,csv
872,Thor,2011,,tmdb_only
873,Thor: Ragnarok,2017,tt3501632,csv
874,Thor: The Dark World,2013,tt1981115,csv
875,Titanic,1997,,tmdb_only
876,Tommy Boy,1995,,tmdb_only
877,Tomorrow Never Dies,1997,,tmdb_only
878,Tomorrowland,2015,tt1964418,csv
879,Top Gun,1986,,tmdb_only
881,Tower Heist,2011,,tmdb_only
882,Toy Story 3,2010,,tmdb_only
883,Toy Story 4,2019,tt1979376,csv
884,Tracks,2013,tt2167266,csv
885,Trading Places,1983,,tmdb_only
886,Trainwreck,2015,tt3152624,csv
887,Transformers: Age of Extinction,2014,tt2109248,csv
888,Transformers: Dark of the Moon,2011,tt1399103,csv
889,Transformers: The Last Knight,2017,tt3371366,csv
890,Tremors,1990,,tmdb_only
891,Triple 9,2016,tt1712261,csv
892,Trolls World Tour,2020,tt6587640,csv
893,Tropic Thunder,2008,,tmdb_only
894,Turbo,2013,tt1860353,csv
895,Twister: A Musical Catastrophe,2000,,tmdb_only
896,Twisters,2024,tt12584954,csv
899,Unbroken,2014,tt1809398,csv
900,Uncharted,2022,tt1464335,csv
901,Uncut Gems,2019,tt5727208,csv
902,Underwater,2020,tt5774060,csv
903,Unfriended,2014,tt3713166,csv
904,Up In Smoke,1978,,tmdb_only
905,Up In the Air,2009,tt1193138,csv
906,Upgrade,2018,tt6499752,csv
907,Us,2019,tt6857112,csv
908,V for Vendetta,2005,,tmdb_only
909,Valerian and the City of a Thousand Planets,2017,tt2239822,csv
910,Vegas Vacation,1997,,tmdb_only
911,Venom,2018,tt1270797,csv
912,Venom: Let There Be Carnage,2021,tt7097896,csv
913,Vivarium,2019,tt8368406,csv
914,Walk of Shame,2014,tt2463288,csv
915,War for the Planet of the Apes,2017,tt3450958,csv
916,Warm Bodies,2013,tt1588173,csv
917,Water for Elephants,2011,tt1067583,csv
918,Wayne's World 2,1993,,tmdb_only
919,We Bought a Zoo,2011,tt1389137,csv
920,We're the Millers,2013,tt1723121,csv
921,Whiskey Tango Foxtrot,2016,tt3553442,csv
922,Who's Afraid of Virginia Woolf?,1966,,tmdb_only
923,Wicked,2024,tt1262426,csv
924,Willy Wonka and the Chocolate Factory,2017,tt6803390,csv
925,Winter's Bone,2010,tt1399683,csv
926,Wonder,2017,tt2543472,csv
927,Wonder Woman,2017,,tmdb_only
928,Woodlawn,2015,tt4183692,csv
929,World War Z,2013,,tmdb_only
930,Wreck-It Ralph,2012,tt1772341,csv
932,X-Men,2000,tt14920216,normalized
933,X-Men Origins: Wolverine,2009,,tmdb_only
934,X-Men: Apocalypse,2016,tt3385516,csv
935,X-Men: Dark Phoenix,2019,tt6565702,csv
936,X-Men: Days of Future Past,2014,tt1877832,csv
937,X-Men: First Class,2011,tt1270798,csv
938,X-Men: The Last Stand,2006,,tmdb_only
940,xXx,2002,,tmdb_only
941,Yesterday,2019,tt8079248,csv
942,Zodiac,2007,,tmdb_only
943,Zombieland: Double Tap,2019,tt1560220,csv
945,Sunshine,2007,,tmdb_only
946,The Fugitive,1993,,tmdb_only
947,Close Encounters of the Third Kind,1977,,tmdb_only
948,The Green Mile,1999,,tmdb_only
949,Paddington,2014,tt1109624,tmdb
950,Knock at the Cabin,2023,tt15679400,tmdb
951,Scarface,1983,,tmdb_only
952,Gladiator II,2024,tt9218128,tmdb
953,Oppenheimer,2023,tt15398776,tmdb
954,American Gangster,2007,,tmdb_only
955,Fall,2022,tt15325794,tmdb
956,The Ministry of Ungentlemanly Warfare,2024,tt5177120,tmdb
957,Ford v Ferrari,2019,tt1950186,tmdb
958,Clear and Present Danger,1994,,tmdb_only
959,The Sum of All Fears,2002,,tmdb_only
960,The Hunt for Red October,1990,,tmdb_only
961,Abduction,2011,tt1600195,tmdb
962,Alice in Wonderland,2010,tt1014759,tmdb
963,Alien,1979,,tmdb_only
964,All the Money in the World,2017,tt5294550,tmdb
965,Annabelle Comes Home,2019,tt8350360,tmdb
966,Apollo 13,1995,,tmdb_only
967,Arthur,2011,tt1334512,tmdb
968,Atomic Blonde,2017,tt2406566,tmdb
969,Back to Black,2024,tt21261712,tmdb
970,A Bad Moms Christmas,2017,tt6359956,tmdb
971,Mystic River,2003,,tmdb_only
972,American Sniper,2014,tt2179136,csv
973,Ant-Man,2015,,tmdb_only
974,Asteroid City,2023,tt14230388,csv
975,By the Sea,2015,tt3707106,csv
976,Dirty Harry,1971,,tmdb_only
977,Hanni & Nanni 4,2017,tt6031104,tmdb
978,Hanni & Nanni 4,2017,tt6031104,tmdb
979,Hanni & Nanni 4,2017,tt6031104,tmdb
980,Hanni & Nanni 4,2017,tt6031104,tmdb
1,10 Cloverfield Lane,2016,tt1179933,csv
3,13 Hours: The Secret Soldiers of Benghazi,2016,tt4172430,csv
4,1917,2019,tt8579674,csv
6,21 & Over,2013,tt1711425,csv
7,21 Bridges,2019,tt8688634,csv
9,21 Jump Street,2012,tt1232829,csv
10,22 Jump Street,2014,tt2294449,csv
11,300,2007,tt33397756,omdb_title_year
12,300: Rise of an Empire,2014,tt1253863,csv
14,47 Meters Down,2017,tt2932536,csv
15,47 Ronin,2013,tt1335975,csv
16,A Christmas Carol,2000,tt1067106,omdb_title_only
17,A Christmas Story,2019,tt10326928,csv
18,A Cure for Wellness,2017,tt4731136,csv
20,A Ghost Story,1990,tt6265828,omdb_title_only
21,A Glitch in the Matrix,2021,tt9847360,csv
22,A Good Day to Die Hard,2013,tt1606378,csv
23,A Haunting in Venice,2023,tt22687790,csv
26,A Million Ways to Die In the West,2014,tt2557490,tmdb
27,A Nightmare on Elm Street,2010,tt1179056,csv
28,A Quiet Place,2018,tt6644200,csv
29,A Simple Favor,2018,tt7040874,csv
30,A Star Is Born,2018,tt1517451,csv
32,Abraham Lincoln: Vampire Hunter,2012,tt1611224,csv
33,Ad Astra,2019,tt2935510,csv
34,Admission,2013,tt1814621,csv
35,Alien: Covenant,2017,tt2316204,csv
37,American Hustle,2013,tt1800241,csv
39,Anchorman 2: The Legend Continues,2013,tt1229340,csv
41,Anna,2013,tt1715336,csv
42,Annabelle,2014,tt3322940,csv
43,Annabelle: Creation,2017,tt5140878,csv
44,Annihilation,2018,tt2798920,csv
45,Antebellum,2020,tt10065694,csv
47,Aquaman,2018,tt8457394,csv
48,Arrival,2016,tt2543164,csv
49,Arthur Christmas,2011,tt1430607,csv
50,"As Above, So Below",2014,tt2870612,csv
54,Avengers: Age of Ultron,2015,tt2395427,csv
55,Avengers: Endgame,2019,tt4154796,csv
56,Baby Driver,2017,tt3890160,csv
60,Bad Words,2013,tt2170299,csv
61,Barbie,2023,tt1517268,csv
66,Battleship,2012,tt1440129,csv
67,Baywatch,2017,tt1469304,csv
68,Beauty and the Beast,2017,tt2771200,csv
71,Big Eyes,2014,tt1126590,csv
72,Big Hero 6,2014,tt2245084,csv
74,Birdman,2015,tt5130912,csv
75,Birds of Prey and the Fantabulous Emancipation of One Harley Quinn,2020,tt7713068,csv
76,Black Mass,2015,tt1355683,csv
78,Blackhat,2015,tt2717822,csv
79,Blair Witch,1999,tt1540011,omdb_title_only
80,Blockers,2018,tt2531344,csv
82,Bohemian Rhapsody,2018,tt1727824,csv
83,Bombshell,2019,tt6394270,tmdb
84,Book Club,2023,tt18260564,csv
85,Boyhood,2014,tt1065073,csv
86,Brahms: The Boy II,2020,tt9173418,csv
89,Bridesmaids,2011,tt1478338,tmdb
90,Bridge of Spies,2015,tt3682448,csv
91,Brightburn,2019,tt7752126,csv
92,Bros,2022,tt9731598,csv
93,Bullet Train,2025,tt33452974,csv
94,Bumblebee,2018,tt4701182,csv
95,Buried,2010,tt1462758,csv
98,Cadillac Records,2008,tt1042877,csv
99,Call Me By Your Name,2017,tt5726616,csv
100,Captain America: Civil War,2016,tt3498820,csv
101,Captain America: The Winter Soldier,2014,tt1843866,csv
102,Captain Marvel,2019,tt4154664,csv
103,Captain Phillips,2013,tt1535109,csv
104,Captive,2020,tt8273104,csv
106,Carrie,2013,tt1939659,csv
110,Chaos Walking,2021,tt2076822,csv
113,Chef,2014,tt2883512,csv
115,Child's Play,1972,tt5203760,normalized
118,Cinderella,2000,tt1661199,omdb_title_only
120,Clue,2022,tt23379618,csv
122,Coco,2000,tt2380307,omdb_title_only
123,Colossal,2017,tt4680182,csv
125,Contagion,2011,tt1598778,csv
126,Contraband,2012,tt1524137,csv
128,Countdown,2019,tt10039344,csv
131,Crank: High Voltage,2009,tt1121931,csv
133,Crawl,2019,tt8364368,csv
134,Criminal,2016,tt3014866,csv
135,Crimson Peak,2015,tt2554274,csv
137,Crypto,2019,tt8563452,csv
139,Daddy's Home,2015,tt1528854,csv
140,Daddy's Home 2,2017,tt5657846,csv
142,Dark Web: Cicada 3301,2021,tt8110246,csv
143,Darkest Hour,2017,tt4555426,csv
144,Dawn of the Planet of the Apes,2014,tt2103281,csv
145,Deadpool,2016,tt1431045,csv
146,Deadpool & Wolverine,2024,tt6263850,csv
148,Death on the Nile,2022,tt7657566,csv
149,Death Race 2,2010,tt1500491,csv
151,Deepwater Horizon,2016,tt1860357,csv
152,Deliver Us from Evil,1971,tt2377322,omdb_title_only
153,Despicable Me 2,2013,tt1690953,csv
158,Dirty Dancing,2017,tt5262792,csv
160,Dirty Grandpa,2016,tt1860213,tmdb
161,Divergent,2014,tt1840309,csv
162,Django Unchained,2012,tt1853728,csv
163,Doctor Sleep,2002,tt5606664,omdb_title_only
164,Doctor Strange,2016,tt1211837,csv
165,Dolittle,2020,tt6673612,csv
166,Don Jon,2013,tt2229499,csv
167,Downsizing,2017,tt1389072,csv
170,Dr. Seuss' the Lorax,2012,tt1482459,csv
172,Dredd,2012,tt1343727,csv
173,Drinking Buddies,2013,tt2265398,csv
175,Due Date,2010,tt1231583,csv
176,Dumb and Dumber To,2014,tt2096672,csv
177,Dumb Money,2023,tt13957560,csv
178,Dune,2021,tt1160419,csv
179,Dungeons & Dragons Honor Among Thieves,2023,tt2906216,csv
183,Earth: One Amazing Day,2017,tt6238896,csv
184,Easy A,2010,tt1282140,csv
186,Elemental,2023,tt15789038,csv
188,ELLIS,2015,tt5109770,csv
189,Elvis,2022,tt3704428,csv
190,Ender's Game,2013,tt1731141,csv
191,Endless Love,1981,tt2318092,omdb_title_only
192,Endless Love,2014,tt2318092,csv
194,Escape Plan,2013,tt1211956,csv
195,Escape Room,2017,tt5748392,csv
196,Escape Room: Tournament of Champions,2021,tt9844522,csv
198,Everest,2015,tt2719848,csv
199,Everything Everywhere All at Once,2022,tt6710474,csv
200,Evil Dead 2,1992,tt3297314,omdb_title_only
201,Ex Machina,2007,tt1043842,csv
202,Eye In the Sky,2015,tt2057392,csv
203,Fantastic Beasts and Where to Find Them,2016,tt3183660,csv
204,Fantastic Beasts: The Crimes of Grindelwald,2018,tt4123430,csv
205,Fantastic Beasts: The Secrets of Dumbledore,2022,tt4123432,csv
207,Fast & Furious 6,2001,tt1905041,omdb_title_only
208,Fear of Rain,2021,tt10037014,csv
211,Fifty Shades Darker,2017,tt4465564,csv
212,Fifty Shades Freed,2018,tt4477536,csv
213,Fifty Shades of Grey,2015,tt2322441,csv
218,Final Destination 5,2011,tt1622979,csv
220,First Man,2018,tt1213641,csv
221,Five Feet Apart,2019,tt6472976,csv
222,Flight,2012,tt1907668,csv
226,Freaky,2020,tt10919380,csv
227,Free Guy,2021,tt6264654,csv
228,Free State of Jones,2016,tt1124037,csv
232,Friday the 13th Part 3: The Memoriam Documentary,2017,tt3756302,csv
234,Frozen,2010,tt1323045,csv
235,Frozen II,2019,tt4520988,csv
236,Furiosa: A Mad Max Saga,2024,tt12037194,csv
237,Furious 7,2015,tt2820852,tmdb
238,G.I. Joe: Retaliation,2013,tt1583421,csv
239,G.I. Joe: The Rise of Cobra,2009,tt1046173,csv
240,Game Night,2018,tt2704998,csv
242,Gemini Man,2019,tt1025100,csv
244,Geostorm,2017,tt1981128,csv
245,Get Him to the Greek,2010,tt1226229,csv
246,Get Out,2017,tt5052448,csv
248,Ghost in the Shell,1995,tt1219827,omdb_title_only
250,Ghostbusters,2016,tt1289401,csv
252,Ghostbusters: Afterlife,2021,tt4513678,csv
254,Glass,2019,tt6823368,csv
256,Gods of Egypt,2016,tt2404233,csv
259,Gone Girl,2014,tt2267998,csv
261,Goosebumps 2,2018,tt5664636,csv
262,Gran Turismo: Based on a True Story,2023,tt4495098,csv
263,Gravity,2013,tt1454468,csv
265,Green Room,2016,tt4062536,csv
268,Guardians of the Galaxy,2014,tt2015381,csv
269,Guardians of the Galaxy Vol. 2,2017,tt3896198,csv
270,Guardians of the Galaxy Vol. 3,2023,tt6791350,csv
271,Hacksaw Ridge,2016,tt2119532,csv
274,Halloween,2018,tt1502407,csv
275,Halloween Kills (Extended Cut),2021,tt10665338,csv
277,Hansel & Gretel,2013,tt1460002,csv
278,Hansel & Gretel: Witch Hunters,2013,tt1428538,csv
279,Happy Death Day,2017,tt5308322,csv
280,Happy Death Day 2U,2019,tt8155288,csv
281,Hardcore Henry,2015,tt3072482,csv
286,"Harry Potter and the Deathly Hallows, Part 2",2011,tt1201607,csv
292,He's Just Not That Into You,2009,tt1001508,csv
294,Her,2013,tt1798709,csv
295,Hercules,2014,tt1267297,csv
296,Hereditary,2018,tt7784604,csv
297,Hidden Figures,2016,tt4846340,csv
298,High Life,2009,tt1143110,csv
299,Hocus Pocus,2022,tt11909878,csv
301,Holmes & Watson,2012,tt2108535,csv
303,Homefront,2013,tt2312718,csv
305,Horrible Bosses,2011,tt1499658,csv
307,Hot Tub Time Machine,2010,tt1231587,tmdb
308,Hot Tub Time Machine 2,2015,tt2637294,csv
311,How to Train Your Dragon 2,2014,tt1646971,csv
313,Hustlers,2019,tt5503686,csv
314,"I, Frankenstein",2014,tt1418377,csv
316,Identity Thief,2013,tt2024432,csv
317,If I Stay,2014,tt1355630,csv
318,Immortals,2011,tt1253864,csv
319,In Time,2011,tt1637688,csv
320,Inception,2010,tt1375666,csv
321,Incredibles 2,2018,tt3606756,csv
323,Independence Day: Resurgence,2016,tt1628841,csv
324,Indiana Jones and the Dial of Destiny,2023,tt1462764,csv
327,Inferno,2016,tt3062096,csv
329,Inherent Vice,2014,tt1791528,csv
330,Inside Out,2015,tt2096673,csv
331,Inside Out 2,2024,tt22022452,csv
332,Insidious: The Last Key,2018,tt5726086,csv
333,Instant Family,2018,tt7401588,csv
336,Into the Woods,2014,tt2180411,csv
337,Iron Man 2,2010,tt1228705,csv
338,Iron Man 3,2013,tt1300854,csv
339,Isn't It Romantic,2019,tt2452244,csv
340,It,2017,tt6529334,csv
341,It Chapter Two,2019,tt7349950,csv
342,It Comes at Night,2017,tt4695012,csv
343,It Follows,2015,tt3235888,csv
345,It's Complicated,2009,tt1230414,csv
347,Jack Reacher: Never Go Back,2016,tt3393786,csv
348,Jack Ryan: Shadow Recruit,2014,tt1205537,csv
349,Jackass Presents: Bad Grandpa,2013,tt3063516,csv
350,Jason Bourne,2016,tt4196776,csv
352,Jigsaw,2017,tt3348730,tmdb
353,John Wick,2014,tt2911666,csv
354,John Wick: Chapter 2,2017,tt4425200,csv
355,John Wick: Chapter 3 - Parabellum,2019,tt6146586,csv
356,John Wick: Chapter 4,2023,tt10366206,csv
357,Joker,2019,tt7286456,csv
358,Joy,2015,tt2446980,csv
361,Jumanji: The Next Level,2019,tt7975244,csv
362,Jumanji: Welcome to the Jungle,2017,tt2283362,csv
367,Jurassic World Dominion,2022,tt8041270,csv
368,Jurassic World: Fallen Kingdom,2018,tt4881806,csv
370,Kick-Ass,2010,tt1250777,csv
371,Kick-Ass 2,2013,tt1650554,csv
375,Killers,2010,tt1103153,csv
376,Killers of the Flower Moon,2023,tt5537002,csv
377,Kingdom of the Planet of the Apes,2024,tt11389872,csv
378,Kingsman: The Golden Circle,2017,tt4649466,csv
379,Kingsman: The Secret Service,2015,tt2802144,csv
380,Knives Out,2019,tt8946378,csv
381,Kong: Skull Island,2017,tt3731562,csv
382,Krampus,2015,tt3850590,csv
383,La La Land,2016,tt3783958,csv
384,Labor Day,2013,tt1967545,csv
385,Labyrinth,2024,tt32404356,omdb_title_year
388,Lawless,2012,tt1212450,csv
391,Les misérables,2000,tt1707386,omdb_title_only
392,Let's Be Cops,2014,tt1924435,csv
394,Lexi,2022,tt13451112,csv
396,Life,2017,tt5442430,csv
397,Lights Out,2013,tt3605002,csv
398,Limitless,2011,tt1219289,csv
400,Little Boy,2015,tt1810683,csv
402,Live Die Repeat: Edge of Tomorrow,2014,tt1631867,csv
404,Lockout,2012,tt1592525,csv
405,Logan,2017,tt3315342,csv
406,London Has Fallen,2016,tt3300542,csv
407,Lone Survivor,2013,tt1091191,csv
408,Long Shot,2017,tt7344360,csv
410,Love and Monsters,2020,tt2222042,csv
411,"Love, Simon",2018,tt5164432,csv
412,Lucy,2014,tt2872732,csv
413,M3GAN,2022,tt8760708,csv
414,Ma,2019,tt7958736,csv
416,Mad Max: Fury Road,2015,tt1392190,csv
417,Magic Mike,2012,tt1915581,csv
418,Maleficent,2014,tt1587310,csv
419,Maleficent: Mistress of Evil,2019,tt4777008,csv
420,Malignant,2021,tt3811906,csv
421,Mama,2025,tt35049002,csv
422,Mamma Mia! Here We Go Again,2018,tt6911608,csv
426,Maps to the Stars,2014,tt2172584,csv
428,Maze Runner: The Scorch Trials,2015,tt4046784,csv
430,Mechanic: Resurrection,2016,tt3522806,csv
431,Meet Me In St. Louis,1944,tt3352232,normalized
432,Melancholia,2011,tt1527186,csv
435,Men In Black 3,2012,tt1409024,csv
437,MIB: International,2019,tt2283336,csv
438,Midway,2019,tt6924650,csv
439,Mike and Dave Need Wedding Dates,2016,tt2823054,csv
440,Minions,2015,tt2293640,csv
444,Missing Link,2019,tt6348138,csv
445,Mission: Impossible - Fallout,2018,tt4912910,csv
446,Mission: Impossible - Ghost Protocol,2011,tt1229238,csv
447,Mission: Impossible - Rogue Nation,2015,tt2381249,csv
448,Moana,2016,tt3521164,csv
449,Monster Hunter,2020,tt6475714,csv
451,Moon,2009,tt1182345,csv
452,mother!,2018,tt13039074,csv
453,Mr. & Mrs. Smith,2005,tt2923564,normalized
454,Mrs. Doubtfire,1993,tt1287348,normalized
455,Mud,2013,tt1935179,csv
456,Murder On the Orient Express,2017,tt3402236,csv
458,My Big Fat Greek Wedding 2,2016,tt3760922,csv
463,Neighbors,1920,tt2004420,omdb_title_only
464,Neighbors 2: Sorority Rising,2016,tt4438848,csv
465,Night At the Museum: Secret of the Tomb,2014,tt2692250,csv
466,Nightcrawler,2014,tt2872718,csv
467,Nightmare Alley,2021,tt7740496,csv
469,No Hard Feelings,2023,tt15671028,csv
470,No Strings Attached,2011,tt1411238,csv
471,Noah,2014,tt1959490,csv
472,Non-Stop,2015,tt3065978,csv
473,Nope,2022,tt10954984,csv
474,Norm of the North,2018,tt7913394,csv
475,Now You See Me,2013,tt1670345,csv
476,Now You See Me 2,2016,tt3110958,csv
477,"O Brother, Where Art Thou?",2000,tt16992456,normalized
478,Oblivion,2013,tt1483013,csv
479,Ocean's 8,2018,tt5164214,csv
483,Office Christmas Party,2016,tt1711525,csv
484,Once Upon a Time...in Hollywood,2019,tt7131622,csv
486,Orphan,2009,tt1148204,csv
487,Ouija,2014,tt1204977,csv
488,Ouija: Origin of Evil,2016,tt4361050,csv
490,Oz the Great and Powerful,2013,tt1623205,csv
491,Pacific Rim,2013,tt1663662,csv
492,Pain & Gain,2013,tt1980209,csv
494,Paranormal Activity 4,2012,tt2109184,tmdb
496,Paranormal Activity: The Marked Ones,2014,tt2473682,csv
497,Parasite,2019,tt6751668,tmdb
498,Passengers,2016,tt1355644,tmdb
499,Patriots Day,2016,tt4572514,csv
500,Pawn Sacrifice,2014,tt1596345,csv
502,Peppermint,2018,tt6850820,csv
503,Percy Jackson: Sea of Monsters,2013,tt1854564,csv
506,Pirates of the Caribbean: Dead Men Tell No Tales,2017,tt1790809,csv
507,Pirates of the Caribbean: On Stranger Tides,2011,tt1298650,csv
508,Pitch Perfect,2012,tt1981677,csv
509,Pitch Perfect 2,2015,tt2848292,csv
510,Pitch Perfect 3,2017,tt4765284,csv
515,Pompeii,2014,tt1921064,csv
516,Poor Things,2023,tt14230458,csv
518,Pride & Prejudice & Zombies,2014,tt3611056,csv
521,Project Almanac,2015,tt2436386,csv
522,Project X,2012,tt1636826,csv
523,Prometheus,2012,tt1446714,csv
524,Promised Land,2012,tt2091473,csv
531,Ralph Breaks the Internet,2018,tt5848272,csv
536,Rambo: Last Blood,2019,tt1206885,csv
538,Rango,2011,tt1192628,csv
540,Ratchet & Clank,1996,tt2865120,csv
541,Ready or Not,2019,tt7798634,csv
542,Ready Player One,2018,tt1677720,csv
543,Red 2,2013,tt1821694,csv
545,Red Riding Hood,2011,tt1486185,csv
546,Red Rocket,2021,tt13453006,csv
547,Red Sparrow,2018,tt2873282,csv
551,Resident Evil: Afterlife,2010,tt1220634,csv
554,Resident Evil: Retribution,2012,tt1855325,csv
555,Resident Evil: The Final Chapter,2016,tt2592614,csv
557,Ride Along,2014,tt1408253,csv
558,Ride Along 2,2016,tt2869728,csv
560,Rio 2,2014,tt2357291,csv
561,Rise of the Planet of the Apes,2011,tt1318514,csv
562,Rock the Kasbah,2015,tt3164256,csv
563,Rocketman,2019,tt2066051,csv
564,Rogue One: A Star Wars Story,2016,tt3748528,csv
566,Rough Night,2017,tt4799050,csv
567,Rush,2013,tt1979320,csv
568,Sabotage,2014,tt1742334,csv
569,Safe,2012,tt1656190,csv
570,Safe House,2012,tt1599348,csv
571,San Andreas,2015,tt2126355,csv
572,Savages,2012,tt1615065,csv
573,Saving Mr. Banks,2013,tt2140373,csv
576,Saw 3D,2010,tt1477076,csv
581,Saw V,2008,tt1132626,csv
582,Saw VI,2009,tt1233227,csv
583,Saw X,2023,tt21807222,csv
584,Scary Stories to Tell In the Dark,2019,tt3387520,csv
586,SCOOB!,2020,tt3152592,csv
588,Seeking a Friend for the End of the World,2012,tt1307068,csv
589,Self/Less,2015,tt2140379,csv
590,Selma,2014,tt1020072,csv
591,Seven Psychopaths,2012,tt1931533,csv
592,Seventh Son,2014,tt1121096,csv
593,Sex and the City: The Movie,2008,tt16976248,csv
596,Shazam!,2019,tt6723576,normalized
597,Sherlock Gnomes,2018,tt2296777,csv
603,Shutter Island,2010,tt1130884,csv
604,Sicario,2015,tt3397884,csv
605,Silence,2016,tt5844048,tmdb
607,Silent House,2011,tt1767382,csv
608,Silver Linings Playbook,2012,tt1045658,csv
610,Sing,2016,tt3470600,csv
611,Sing 2,2021,tt6467266,csv
612,Sinister,2012,tt1922777,csv
613,Sisters,2015,tt1850457,tmdb
615,Skyfall,2012,tt1074638,csv
616,Skyscraper,2018,tt5758778,csv
617,Sleepless,2017,tt2072233,csv
619,Smile,2022,tt15474916,csv
620,Snatched,2017,tt2334871,csv
622,Snow White & the Huntsman,2025,tt1735898,normalized
623,Snowden,2016,tt3774114,csv
624,Snowpiercer,2013,tt1706620,csv
625,Sonic The Hedgehog,2020,tt3794354,csv
626,Sonic the Hedgehog 2,2022,tt12412888,csv
627,Sonic The Hedgehog 3,2024,tt18259086,csv
630,Spectre,2015,tt2379713,csv
632,Spell,2020,tt10736580,csv
634,Spider-Man 2,2004,tt18351128,normalized
635,Spider-Man 3,2007,tt1132238,normalized
636,Spider-Man: Across the Spider-Verse,2023,tt9362722,csv
637,Spider-Man: Far From Home,2019,tt6320628,csv
638,Spider-Man: Homecoming,2017,tt2250912,csv
639,Spider-Man: No Way Home,2021,tt10872600,csv
640,Spiral: From the Book of Saw,2021,tt10342730,tmdb
641,Split,2016,tt4972582,csv
642,Spotlight,2015,tt1895587,csv
643,Star Trek Beyond,2016,tt2660888,csv
644,Star Trek Into Darkness,2013,tt1408101,csv
645,Star Wars: The Force Awakens,2015,tt10321138,csv
646,Star Wars: The Rise of Skywalker,2019,tt15662564,csv
654,Subservience,2024,tt24871974,csv
655,Suicide Squad,2016,tt1386697,csv
656,Supergirl,1984,tt4016454,omdb_title_only
658,Superman: The Movie,2016,tt5852184,csv
663,Taken 2,2012,tt1397280,csv
664,Taken 3,2014,tt2446042,csv
666,Talk To Me,2022,tt10638522,csv
668,Ted,2012,tt1637725,csv
669,Ted 2,2015,tt2637276,tmdb
670,Teenage Mutant Ninja Turtles,2014,tt1291150,csv
671,Teenage Mutant Ninja Turtles: Out of the Shadows,2016,tt3949660,csv
673,Tenet,2020,tt6723592,csv
676,Terminator Genisys,2015,tt1340138,csv
677,Terminator: Dark Fate,2019,tt6450804,csv
678,Texas Chainsaw,2013,tt1572315,csv
681,The Adjustment Bureau,2011,tt1385826,csv
682,The Age of Adaline,2015,tt1655441,csv
683,The Amazing Spider-Man 2,2014,tt1872181,csv
685,The Batman,2022,tt1877830,csv
687,The Big Short,2015,tt1596363,csv
689,The Black Phone,2021,tt7144666,csv
691,The Boss,2016,tt2702724,tmdb
693,The Bourne Legacy,2012,tt1194173,csv
698,The Boy Next Door,2015,tt3181822,csv
700,The Broken Hearts Gallery,2020,tt2140571,csv
701,The Bye Bye Man,2017,tt4030600,csv
702,The Cabin In the Woods,2011,tt1259521,csv
704,The Call of the Wild,2020,tt7504726,csv
705,The Choice,2016,tt3797868,csv
707,The Conjuring,2013,tt1457767,csv
708,The Conjuring: The Devil Made Me Do It,2021,tt7069210,csv
710,The Courier,2020,tt8368512,csv
715,The Dark Knight Rises,2012,tt1345836,csv
716,The Darkness,2016,tt1878841,csv
721,The Disappearance of Eleanor Rigby: Them,2014,tt3729920,csv
723,The Divergent Series: Insurgent,2015,tt2908446,csv
724,The DUFF,2015,tt1666801,csv
725,The Endless,2017,tt3986820,csv
727,The Expendables,2010,tt1320253,csv
728,The Expendables 2,2012,tt1764651,csv
732,The Fate of the Furious,2017,tt4630562,csv
736,The First Purge,2018,tt6133466,csv
737,The Forest,2016,tt3387542,csv
738,The Gambler,2014,tt2039393,csv
739,The Gentlemen,2019,tt8367814,csv
740,The Gift,2015,tt4178092,tmdb
741,The Girl on the Train,2016,tt3631112,csv
745,The Good Liar,2019,tt5563334,csv
746,The Grand Budapest Hotel,2014,tt2278388,csv
747,The Great Gatsby,2013,tt1343092,csv
748,The Great Wall,2016,tt2034800,csv
749,The Green Inferno,2013,tt2403021,csv
750,The Grey,2011,tt1601913,csv
752,The Guest,2014,tt2980592,csv
753,The Guilt Trip,2012,tt1694020,csv
754,The Gunman,2015,tt2515034,csv
755,The Hangover,2009,tt1119646,csv
756,The Hangover Part II,2011,tt1411697,csv
757,The Happytime Murders,2018,tt1308728,csv
759,The Hateful Eight,2015,tt3460252,csv
760,The Heat,2013,tt2404463,csv
762,The Hitman's Bodyguard,2017,tt1959563,csv
764,The Hobbit: The Battle of the Five Armies,2014,tt2310332,csv
765,The Hobbit: The Desolation of Smaug,2013,tt1170358,csv
766,The Hobbit: The Desolation of Smaug,2013,tt21824192,csv
769,The House With a Clock In Its Walls,2018,tt2119543,csv
770,The Hunger Games,2012,tt1392170,csv
771,The Hunger Games: Catching Fire,2013,tt1951264,csv
772,The Hunger Games: Mockingjay - Part 1,2014,tt1951265,csv
773,The Hunger Games: Mockingjay - Part 2,2015,tt1951266,csv
774,The Hunger Games: The Ballad of Songbirds and Snakes,2023,tt36110019,omdb_title_year
775,The Hunt,2012,tt8244784,csv
776,The Huntsman: Winter's War,2016,tt2381991,tmdb
778,The Internship,2013,tt2234155,csv
779,The Invisible Man,2020,tt1051906,csv
781,The Judge,2014,tt1872194,csv
783,The Last Exorcism,2010,tt1320244,csv
786,The Last Voyage of the Demeter,2023,tt1001520,csv
787,The Last Witch Hunter,2015,tt1618442,csv
788,The Legend of Hercules,2014,tt1043726,csv
789,The LEGO Movie,2014,tt1490017,csv
791,The Lincoln Lawyer,2011,tt1189340,csv
792,The Lion King,1994,tt6105098,csv
794,The Lodge,2019,tt7347846,csv
795,The Loft,2014,tt1850397,csv
796,The Longest Ride,2015,tt2726560,csv
802,The Martian,2015,tt3659388,csv
806,The Maze Runner,2014,tt1790864,csv
807,The Meg,2018,tt4779682,csv
808,The Menu,2022,tt9764362,csv
811,The Mummy,1999,tt2345759,csv
814,The Nice Guys,2016,tt3799694,csv
816,The Northman,2022,tt11138512,csv
817,The Nun,2018,tt5814060,csv
818,The Other Side of the Door,2016,tt3702652,csv
819,The Other Woman,2014,tt2203939,csv
821,The Place Beyond the Pines,2012,tt1817273,csv
826,The Purge,2013,tt2184339,csv
827,The Purge: Anarchy,2014,tt2975578,csv
828,The Purge: Election Year,2016,tt4094724,csv
829,The Revenant,2015,tt1663202,csv
835,The Scorpion King 3: Battle for Redemption,2012,tt1781896,csv
836,The Secret Life of Pets,2016,tt2709768,csv
838,The Shack,2017,tt2872518,csv
841,The Snowman,2017,tt1758810,csv
843,The Space Between Us,2017,tt3922818,csv
844,The Spy Who Dumped Me,2018,tt6663582,csv
845,The Suicide Squad,2021,tt6334354,csv
846,The Super Mario Bros. Movie,2023,tt6718170,csv
848,The Theory of Everything,2014,tt2980516,csv
849,The Three Musketeers Part I: D'Artagnan,2023,tt12672536,csv
850,The Three Musketeers Part II: Milady,2023,tt12672620,csv
853,The Turning,2020,tt7510346,csv
854,The Twilight Saga: Breaking Dawn - Part 1,2011,tt1324999,tmdb
855,The Twilight Saga: Breaking Dawn - Part 2,2012,tt1673434,csv
856,The Unbearable Weight of Massive Talent,2022,tt11291274,csv
857,The Visit,2015,tt3567288,csv
858,The Voices,2014,tt1567437,csv
859,The Way Back,2010,tt1023114,csv
862,The Wolf's Call,2019,tt7458762,csv
863,The Wolverine,2013,tt1430132,csv
864,The Woman In Black,2012,tt1596365,csv
865,The Woman King,2022,tt8093700,csv
867,The World's End,2013,tt1213663,csv
868,The Young Messiah,2016,tt1002563,csv
870,This Is 40,2012,tt1758830,csv
871,This Is the End,2013,tt1245492,csv
873,Thor: Ragnarok,2017,tt3501632,csv
874,Thor: The Dark World,2013,tt1981115,csv
878,Tomorrowland,2015,tt1964418,csv
883,Toy Story 4,2019,tt1979376,csv
884,Tracks,2013,tt2167266,csv
886,Trainwreck,2015,tt3152624,csv
887,Transformers: Age of Extinction,2014,tt2109248,csv
888,Transformers: Dark of the Moon,2011,tt1399103,csv
889,Transformers: The Last Knight,2017,tt3371366,csv
891,Triple 9,2016,tt1712261,csv
892,Trolls World Tour,2020,tt6587640,csv
894,Turbo,2013,tt1860353,csv
896,Twisters,2024,tt12584954,csv
899,Unbroken,2014,tt1809398,csv
900,Uncharted,2022,tt1464335,csv
901,Uncut Gems,2019,tt5727208,csv
902,Underwater,2020,tt5774060,csv
903,Unfriended,2014,tt3713166,csv
905,Up In the Air,2009,tt1193138,csv
906,Upgrade,2018,tt6499752,csv
907,Us,2019,tt6857112,csv
909,Valerian and the City of a Thousand Planets,2017,tt2239822,csv
911,Venom,2018,tt1270797,csv
912,Venom: Let There Be Carnage,2021,tt7097896,csv
913,Vivarium,2019,tt8368406,csv
914,Walk of Shame,2014,tt2463288,csv
915,War for the Planet of the Apes,2017,tt3450958,csv
916,Warm Bodies,2013,tt1588173,csv
917,Water for Elephants,2011,tt1067583,csv
919,We Bought a Zoo,2011,tt1389137,csv
920,We're the Millers,2013,tt1723121,csv
921,Whiskey Tango Foxtrot,2016,tt3553442,csv
923,Wicked,2024,tt1262426,csv
924,Willy Wonka and the Chocolate Factory,2017,tt6803390,csv
925,Winter's Bone,2010,tt1399683,csv
926,Wonder,2017,tt2543472,csv
928,Woodlawn,2015,tt4183692,csv
930,Wreck-It Ralph,2012,tt1772341,csv
932,X-Men,2000,tt14920216,normalized
934,X-Men: Apocalypse,2016,tt3385516,csv
935,X-Men: Dark Phoenix,2019,tt6565702,csv
936,X-Men: Days of Future Past,2014,tt1877832,csv
937,X-Men: First Class,2011,tt1270798,csv
941,Yesterday,2019,tt8079248,csv
943,Zombieland: Double Tap,2019,tt1560220,csv
949,Paddington,2014,tt1109624,tmdb
950,Knock at the Cabin,2023,tt15679400,tmdb
952,Gladiator II,2024,tt9218128,tmdb
953,Oppenheimer,2023,tt15398776,tmdb
955,Fall,2022,tt15325794,tmdb
956,The Ministry of Ungentlemanly Warfare,2024,tt5177120,tmdb
957,Ford v Ferrari,2019,tt1950186,tmdb
961,Abduction,2011,tt1600195,tmdb
962,Alice in Wonderland,2010,tt1014759,tmdb
964,All the Money in the World,2017,tt5294550,tmdb
965,Annabelle Comes Home,2019,tt8350360,tmdb
967,Arthur,2011,tt1334512,tmdb
968,Atomic Blonde,2017,tt2406566,tmdb
969,Back to Black,2024,tt21261712,tmdb
970,A Bad Moms Christmas,2017,tt6359956,tmdb
972,American Sniper,2014,tt2179136,csv
974,Asteroid City,2023,tt14230388,csv
975,By the Sea,2015,tt3707106,csv
977,Hanni & Nanni 4,2017,tt6031104,tmdb
978,Hanni & Nanni 4,2017,tt6031104,tmdb
979,Hanni & Nanni 4,2017,tt6031104,tmdb
980,Hanni & Nanni 4,2017,tt6031104,tmdb
1,10 Cloverfield Lane,2016,tt1179933,csv
3,13 Hours: The Secret Soldiers of Benghazi,2016,tt4172430,csv
4,1917,2019,tt8579674,csv
6,21 & Over,2013,tt1711425,csv
7,21 Bridges,2019,tt8688634,csv
9,21 Jump Street,2012,tt1232829,csv
10,22 Jump Street,2014,tt2294449,csv
11,300,2007,tt33397756,omdb_title_year
12,300: Rise of an Empire,2014,tt1253863,csv
14,47 Meters Down,2017,tt2932536,csv
15,47 Ronin,2013,tt1335975,csv
16,A Christmas Carol,2000,tt1067106,omdb_title_only
17,A Christmas Story,2019,tt10326928,csv
18,A Cure for Wellness,2017,tt4731136,csv
20,A Ghost Story,1990,tt6265828,omdb_title_only
21,A Glitch in the Matrix,2021,tt9847360,csv
22,A Good Day to Die Hard,2013,tt1606378,csv
23,A Haunting in Venice,2023,tt22687790,csv
26,A Million Ways to Die In the West,2014,tt2557490,tmdb
27,A Nightmare on Elm Street,2010,tt1179056,csv
28,A Quiet Place,2018,tt6644200,csv
29,A Simple Favor,2018,tt7040874,csv
30,A Star Is Born,2018,tt1517451,csv
32,Abraham Lincoln: Vampire Hunter,2012,tt1611224,csv
33,Ad Astra,2019,tt2935510,csv
34,Admission,2013,tt1814621,csv
35,Alien: Covenant,2017,tt2316204,csv
37,American Hustle,2013,tt1800241,csv
39,Anchorman 2: The Legend Continues,2013,tt1229340,csv
41,Anna,2013,tt1715336,csv
42,Annabelle,2014,tt3322940,csv
43,Annabelle: Creation,2017,tt5140878,csv
44,Annihilation,2018,tt2798920,csv
45,Antebellum,2020,tt10065694,csv
47,Aquaman,2018,tt8457394,csv
48,Arrival,2016,tt2543164,csv
49,Arthur Christmas,2011,tt1430607,csv
50,"As Above, So Below",2014,tt2870612,csv
54,Avengers: Age of Ultron,2015,tt2395427,csv
55,Avengers: Endgame,2019,tt4154796,csv
56,Baby Driver,2017,tt3890160,csv
60,Bad Words,2013,tt2170299,csv
61,Barbie,2023,tt1517268,csv
66,Battleship,2012,tt1440129,csv
67,Baywatch,2017,tt1469304,csv
68,Beauty and the Beast,2017,tt2771200,csv
71,Big Eyes,2014,tt1126590,csv
72,Big Hero 6,2014,tt2245084,csv
74,Birdman,2015,tt5130912,csv
75,Birds of Prey and the Fantabulous Emancipation of One Harley Quinn,2020,tt7713068,csv
76,Black Mass,2015,tt1355683,csv
78,Blackhat,2015,tt2717822,csv
79,Blair Witch,1999,tt1540011,omdb_title_only
80,Blockers,2018,tt2531344,csv
82,Bohemian Rhapsody,2018,tt1727824,csv
83,Bombshell,2019,tt6394270,tmdb
84,Book Club,2023,tt18260564,csv
85,Boyhood,2014,tt1065073,csv
86,Brahms: The Boy II,2020,tt9173418,csv
89,Bridesmaids,2011,tt1478338,tmdb
90,Bridge of Spies,2015,tt3682448,csv
91,Brightburn,2019,tt7752126,csv
92,Bros,2022,tt9731598,csv
93,Bullet Train,2025,tt33452974,csv
94,Bumblebee,2018,tt4701182,csv
95,Buried,2010,tt1462758,csv
98,Cadillac Records,2008,tt1042877,csv
99,Call Me By Your Name,2017,tt5726616,csv
100,Captain America: Civil War,2016,tt3498820,csv
101,Captain America: The Winter Soldier,2014,tt1843866,csv
102,Captain Marvel,2019,tt4154664,csv
103,Captain Phillips,2013,tt1535109,csv
104,Captive,2020,tt8273104,csv
106,Carrie,2013,tt1939659,csv
110,Chaos Walking,2021,tt2076822,csv
113,Chef,2014,tt2883512,csv
115,Child's Play,1972,tt5203760,normalized
118,Cinderella,2000,tt1661199,omdb_title_only
120,Clue,2022,tt23379618,csv
122,Coco,2000,tt2380307,omdb_title_only
123,Colossal,2017,tt4680182,csv
125,Contagion,2011,tt1598778,csv
126,Contraband,2012,tt1524137,csv
128,Countdown,2019,tt10039344,csv
131,Crank: High Voltage,2009,tt1121931,csv
133,Crawl,2019,tt8364368,csv
134,Criminal,2016,tt3014866,csv
135,Crimson Peak,2015,tt2554274,csv
137,Crypto,2019,tt8563452,csv
139,Daddy's Home,2015,tt1528854,csv
140,Daddy's Home 2,2017,tt5657846,csv
142,Dark Web: Cicada 3301,2021,tt8110246,csv
143,Darkest Hour,2017,tt4555426,csv
144,Dawn of the Planet of the Apes,2014,tt2103281,csv
145,Deadpool,2016,tt1431045,csv
146,Deadpool & Wolverine,2024,tt6263850,csv
148,Death on the Nile,2022,tt7657566,csv
149,Death Race 2,2010,tt1500491,csv
151,Deepwater Horizon,2016,tt1860357,csv
152,Deliver Us from Evil,1971,tt2377322,omdb_title_only
153,Despicable Me 2,2013,tt1690953,csv
158,Dirty Dancing,2017,tt5262792,csv
160,Dirty Grandpa,2016,tt1860213,tmdb
161,Divergent,2014,tt1840309,csv
162,Django Unchained,2012,tt1853728,csv
163,Doctor Sleep,2002,tt5606664,omdb_title_only
164,Doctor Strange,2016,tt1211837,csv
165,Dolittle,2020,tt6673612,csv
166,Don Jon,2013,tt2229499,csv
167,Downsizing,2017,tt1389072,csv
170,Dr. Seuss' the Lorax,2012,tt1482459,csv
172,Dredd,2012,tt1343727,csv
173,Drinking Buddies,2013,tt2265398,csv
175,Due Date,2010,tt1231583,csv
176,Dumb and Dumber To,2014,tt2096672,csv
177,Dumb Money,2023,tt13957560,csv
178,Dune,2021,tt1160419,csv
179,Dungeons & Dragons Honor Among Thieves,2023,tt2906216,csv
183,Earth: One Amazing Day,2017,tt6238896,csv
184,Easy A,2010,tt1282140,csv
186,Elemental,2023,tt15789038,csv
188,ELLIS,2015,tt5109770,csv
189,Elvis,2022,tt3704428,csv
190,Ender's Game,2013,tt1731141,csv
191,Endless Love,1981,tt2318092,omdb_title_only
192,Endless Love,2014,tt2318092,csv
194,Escape Plan,2013,tt1211956,csv
195,Escape Room,2017,tt5748392,csv
196,Escape Room: Tournament of Champions,2021,tt9844522,csv
198,Everest,2015,tt2719848,csv
199,Everything Everywhere All at Once,2022,tt6710474,csv
200,Evil Dead 2,1992,tt3297314,omdb_title_only
201,Ex Machina,2007,tt1043842,csv
202,Eye In the Sky,2015,tt2057392,csv
203,Fantastic Beasts and Where to Find Them,2016,tt3183660,csv
204,Fantastic Beasts: The Crimes of Grindelwald,2018,tt4123430,csv
205,Fantastic Beasts: The Secrets of Dumbledore,2022,tt4123432,csv
207,Fast & Furious 6,2001,tt1905041,omdb_title_only
208,Fear of Rain,2021,tt10037014,csv
211,Fifty Shades Darker,2017,tt4465564,csv
212,Fifty Shades Freed,2018,tt4477536,csv
213,Fifty Shades of Grey,2015,tt2322441,csv
218,Final Destination 5,2011,tt1622979,csv
220,First Man,2018,tt1213641,csv
221,Five Feet Apart,2019,tt6472976,csv
222,Flight,2012,tt1907668,csv
226,Freaky,2020,tt10919380,csv
227,Free Guy,2021,tt6264654,csv
228,Free State of Jones,2016,tt1124037,csv
232,Friday the 13th Part 3: The Memoriam Documentary,2017,tt3756302,csv
234,Frozen,2010,tt1323045,csv
235,Frozen II,2019,tt4520988,csv
236,Furiosa: A Mad Max Saga,2024,tt12037194,csv
237,Furious 7,2015,tt2820852,tmdb
238,G.I. Joe: Retaliation,2013,tt1583421,csv
239,G.I. Joe: The Rise of Cobra,2009,tt1046173,csv
240,Game Night,2018,tt2704998,csv
242,Gemini Man,2019,tt1025100,csv
244,Geostorm,2017,tt1981128,csv
245,Get Him to the Greek,2010,tt1226229,csv
246,Get Out,2017,tt5052448,csv
248,Ghost in the Shell,1995,tt1219827,omdb_title_only
250,Ghostbusters,2016,tt1289401,csv
252,Ghostbusters: Afterlife,2021,tt4513678,csv
254,Glass,2019,tt6823368,csv
256,Gods of Egypt,2016,tt2404233,csv
259,Gone Girl,2014,tt2267998,csv
261,Goosebumps 2,2018,tt5664636,csv
262,Gran Turismo: Based on a True Story,2023,tt4495098,csv
263,Gravity,2013,tt1454468,csv
265,Green Room,2016,tt4062536,csv
268,Guardians of the Galaxy,2014,tt2015381,csv
269,Guardians of the Galaxy Vol. 2,2017,tt3896198,csv
270,Guardians of the Galaxy Vol. 3,2023,tt6791350,csv
271,Hacksaw Ridge,2016,tt2119532,csv
274,Halloween,2018,tt1502407,csv
275,Halloween Kills (Extended Cut),2021,tt10665338,csv
277,Hansel & Gretel,2013,tt1460002,csv
278,Hansel & Gretel: Witch Hunters,2013,tt1428538,csv
279,Happy Death Day,2017,tt5308322,csv
280,Happy Death Day 2U,2019,tt8155288,csv
281,Hardcore Henry,2015,tt3072482,csv
286,"Harry Potter and the Deathly Hallows, Part 2",2011,tt1201607,csv
292,He's Just Not That Into You,2009,tt1001508,csv
294,Her,2013,tt1798709,csv
295,Hercules,2014,tt1267297,csv
296,Hereditary,2018,tt7784604,csv
297,Hidden Figures,2016,tt4846340,csv
298,High Life,2009,tt1143110,csv
299,Hocus Pocus,2022,tt11909878,csv
301,Holmes & Watson,2012,tt2108535,csv
303,Homefront,2013,tt2312718,csv
305,Horrible Bosses,2011,tt1499658,csv
307,Hot Tub Time Machine,2010,tt1231587,tmdb
308,Hot Tub Time Machine 2,2015,tt2637294,csv
311,How to Train Your Dragon 2,2014,tt1646971,csv
313,Hustlers,2019,tt5503686,csv
314,"I, Frankenstein",2014,tt1418377,csv
316,Identity Thief,2013,tt2024432,csv
317,If I Stay,2014,tt1355630,csv
318,Immortals,2011,tt1253864,csv
319,In Time,2011,tt1637688,csv
320,Inception,2010,tt1375666,csv
321,Incredibles 2,2018,tt3606756,csv
323,Independence Day: Resurgence,2016,tt1628841,csv
324,Indiana Jones and the Dial of Destiny,2023,tt1462764,csv
327,Inferno,2016,tt3062096,csv
329,Inherent Vice,2014,tt1791528,csv
330,Inside Out,2015,tt2096673,csv
331,Inside Out 2,2024,tt22022452,csv
332,Insidious: The Last Key,2018,tt5726086,csv
333,Instant Family,2018,tt7401588,csv
336,Into the Woods,2014,tt2180411,csv
337,Iron Man 2,2010,tt1228705,csv
338,Iron Man 3,2013,tt1300854,csv
339,Isn't It Romantic,2019,tt2452244,csv
340,It,2017,tt6529334,csv
341,It Chapter Two,2019,tt7349950,csv
342,It Comes at Night,2017,tt4695012,csv
343,It Follows,2015,tt3235888,csv
345,It's Complicated,2009,tt1230414,csv
347,Jack Reacher: Never Go Back,2016,tt3393786,csv
348,Jack Ryan: Shadow Recruit,2014,tt1205537,csv
349,Jackass Presents: Bad Grandpa,2013,tt3063516,csv
350,Jason Bourne,2016,tt4196776,csv
352,Jigsaw,2017,tt3348730,tmdb
353,John Wick,2014,tt2911666,csv
354,John Wick: Chapter 2,2017,tt4425200,csv
355,John Wick: Chapter 3 - Parabellum,2019,tt6146586,csv
356,John Wick: Chapter 4,2023,tt10366206,csv
357,Joker,2019,tt7286456,csv
358,Joy,2015,tt2446980,csv
361,Jumanji: The Next Level,2019,tt7975244,csv
362,Jumanji: Welcome to the Jungle,2017,tt2283362,csv
367,Jurassic World Dominion,2022,tt8041270,csv
368,Jurassic World: Fallen Kingdom,2018,tt4881806,csv
370,Kick-Ass,2010,tt1250777,csv
371,Kick-Ass 2,2013,tt1650554,csv
375,Killers,2010,tt1103153,csv
376,Killers of the Flower Moon,2023,tt5537002,csv
377,Kingdom of the Planet of the Apes,2024,tt11389872,csv
378,Kingsman: The Golden Circle,2017,tt4649466,csv
379,Kingsman: The Secret Service,2015,tt2802144,csv
380,Knives Out,2019,tt8946378,csv
381,Kong: Skull Island,2017,tt3731562,csv
382,Krampus,2015,tt3850590,csv
383,La La Land,2016,tt3783958,csv
384,Labor Day,2013,tt1967545,csv
385,Labyrinth,2024,tt32404356,omdb_title_year
388,Lawless,2012,tt1212450,csv
391,Les misérables,2000,tt1707386,omdb_title_only
392,Let's Be Cops,2014,tt1924435,csv
394,Lexi,2022,tt13451112,csv
396,Life,2017,tt5442430,csv
397,Lights Out,2013,tt3605002,csv
398,Limitless,2011,tt1219289,csv
400,Little Boy,2015,tt1810683,csv
402,Live Die Repeat: Edge of Tomorrow,2014,tt1631867,csv
404,Lockout,2012,tt1592525,csv
405,Logan,2017,tt3315342,csv
406,London Has Fallen,2016,tt3300542,csv
407,Lone Survivor,2013,tt1091191,csv
408,Long Shot,2017,tt7344360,csv
410,Love and Monsters,2020,tt2222042,csv
411,"Love, Simon",2018,tt5164432,csv
412,Lucy,2014,tt2872732,csv
413,M3GAN,2022,tt8760708,csv
414,Ma,2019,tt7958736,csv
416,Mad Max: Fury Road,2015,tt1392190,csv
417,Magic Mike,2012,tt1915581,csv
418,Maleficent,2014,tt1587310,csv
419,Maleficent: Mistress of Evil,2019,tt4777008,csv
420,Malignant,2021,tt3811906,csv
421,Mama,2025,tt35049002,csv
422,Mamma Mia! Here We Go Again,2018,tt6911608,csv
426,Maps to the Stars,2014,tt2172584,csv
428,Maze Runner: The Scorch Trials,2015,tt4046784,csv
430,Mechanic: Resurrection,2016,tt3522806,csv
431,Meet Me In St. Louis,1944,tt3352232,normalized
432,Melancholia,2011,tt1527186,csv
435,Men In Black 3,2012,tt1409024,csv
437,MIB: International,2019,tt2283336,csv
438,Midway,2019,tt6924650,csv
439,Mike and Dave Need Wedding Dates,2016,tt2823054,csv
440,Minions,2015,tt2293640,csv
444,Missing Link,2019,tt6348138,csv
445,Mission: Impossible - Fallout,2018,tt4912910,csv
446,Mission: Impossible - Ghost Protocol,2011,tt1229238,csv
447,Mission: Impossible - Rogue Nation,2015,tt2381249,csv
448,Moana,2016,tt3521164,csv
449,Monster Hunter,2020,tt6475714,csv
451,Moon,2009,tt1182345,csv
452,mother!,2018,tt13039074,csv
453,Mr. & Mrs. Smith,2005,tt2923564,normalized
454,Mrs. Doubtfire,1993,tt1287348,normalized
455,Mud,2013,tt1935179,csv
456,Murder On the Orient Express,2017,tt3402236,csv
458,My Big Fat Greek Wedding 2,2016,tt3760922,csv
463,Neighbors,1920,tt2004420,omdb_title_only
464,Neighbors 2: Sorority Rising,2016,tt4438848,csv
465,Night At the Museum: Secret of the Tomb,2014,tt2692250,csv
466,Nightcrawler,2014,tt2872718,csv
467,Nightmare Alley,2021,tt7740496,csv
469,No Hard Feelings,2023,tt15671028,csv
470,No Strings Attached,2011,tt1411238,csv
471,Noah,2014,tt1959490,csv
472,Non-Stop,2015,tt3065978,csv
473,Nope,2022,tt10954984,csv
474,Norm of the North,2018,tt7913394,csv
475,Now You See Me,2013,tt1670345,csv
476,Now You See Me 2,2016,tt3110958,csv
477,"O Brother, Where Art Thou?",2000,tt16992456,normalized
478,Oblivion,2013,tt1483013,csv
479,Ocean's 8,2018,tt5164214,csv
483,Office Christmas Party,2016,tt1711525,csv
484,Once Upon a Time...in Hollywood,2019,tt7131622,csv
486,Orphan,2009,tt1148204,csv
487,Ouija,2014,tt1204977,csv
488,Ouija: Origin of Evil,2016,tt4361050,csv
490,Oz the Great and Powerful,2013,tt1623205,csv
491,Pacific Rim,2013,tt1663662,csv
492,Pain & Gain,2013,tt1980209,csv
494,Paranormal Activity 4,2012,tt2109184,tmdb
496,Paranormal Activity: The Marked Ones,2014,tt2473682,csv
497,Parasite,2019,tt6751668,tmdb
498,Passengers,2016,tt1355644,tmdb
499,Patriots Day,2016,tt4572514,csv
500,Pawn Sacrifice,2014,tt1596345,csv
502,Peppermint,2018,tt6850820,csv
503,Percy Jackson: Sea of Monsters,2013,tt1854564,csv
506,Pirates of the Caribbean: Dead Men Tell No Tales,2017,tt1790809,csv
507,Pirates of the Caribbean: On Stranger Tides,2011,tt1298650,csv
508,Pitch Perfect,2012,tt1981677,csv
509,Pitch Perfect 2,2015,tt2848292,csv
510,Pitch Perfect 3,2017,tt4765284,csv
515,Pompeii,2014,tt1921064,csv
516,Poor Things,2023,tt14230458,csv
518,Pride & Prejudice & Zombies,2014,tt3611056,csv
521,Project Almanac,2015,tt2436386,csv
522,Project X,2012,tt1636826,csv
523,Prometheus,2012,tt1446714,csv
524,Promised Land,2012,tt2091473,csv
531,Ralph Breaks the Internet,2018,tt5848272,csv
536,Rambo: Last Blood,2019,tt1206885,csv
538,Rango,2011,tt1192628,csv
540,Ratchet & Clank,1996,tt2865120,csv
541,Ready or Not,2019,tt7798634,csv
542,Ready Player One,2018,tt1677720,csv
543,Red 2,2013,tt1821694,csv
545,Red Riding Hood,2011,tt1486185,csv
546,Red Rocket,2021,tt13453006,csv
547,Red Sparrow,2018,tt2873282,csv
551,Resident Evil: Afterlife,2010,tt1220634,csv
554,Resident Evil: Retribution,2012,tt1855325,csv
555,Resident Evil: The Final Chapter,2016,tt2592614,csv
557,Ride Along,2014,tt1408253,csv
558,Ride Along 2,2016,tt2869728,csv
560,Rio 2,2014,tt2357291,csv
561,Rise of the Planet of the Apes,2011,tt1318514,csv
562,Rock the Kasbah,2015,tt3164256,csv
563,Rocketman,2019,tt2066051,csv
564,Rogue One: A Star Wars Story,2016,tt3748528,csv
566,Rough Night,2017,tt4799050,csv
567,Rush,2013,tt1979320,csv
568,Sabotage,2014,tt1742334,csv
569,Safe,2012,tt1656190,csv
570,Safe House,2012,tt1599348,csv
571,San Andreas,2015,tt2126355,csv
572,Savages,2012,tt1615065,csv
573,Saving Mr. Banks,2013,tt2140373,csv
576,Saw 3D,2010,tt1477076,csv
581,Saw V,2008,tt1132626,csv
582,Saw VI,2009,tt1233227,csv
583,Saw X,2023,tt21807222,csv
584,Scary Stories to Tell In the Dark,2019,tt3387520,csv
586,SCOOB!,2020,tt3152592,csv
588,Seeking a Friend for the End of the World,2012,tt1307068,csv
589,Self/Less,2015,tt2140379,csv
590,Selma,2014,tt1020072,csv
591,Seven Psychopaths,2012,tt1931533,csv
592,Seventh Son,2014,tt1121096,csv
593,Sex and the City: The Movie,2008,tt16976248,csv
596,Shazam!,2019,tt6723576,normalized
597,Sherlock Gnomes,2018,tt2296777,csv
603,Shutter Island,2010,tt1130884,csv
604,Sicario,2015,tt3397884,csv
605,Silence,2016,tt5844048,tmdb
607,Silent House,2011,tt1767382,csv
608,Silver Linings Playbook,2012,tt1045658,csv
610,Sing,2016,tt3470600,csv
611,Sing 2,2021,tt6467266,csv
612,Sinister,2012,tt1922777,csv
613,Sisters,2015,tt1850457,tmdb
615,Skyfall,2012,tt1074638,csv
616,Skyscraper,2018,tt5758778,csv
617,Sleepless,2017,tt2072233,csv
619,Smile,2022,tt15474916,csv
620,Snatched,2017,tt2334871,csv
622,Snow White & the Huntsman,2025,tt1735898,normalized
623,Snowden,2016,tt3774114,csv
624,Snowpiercer,2013,tt1706620,csv
625,Sonic The Hedgehog,2020,tt3794354,csv
626,Sonic the Hedgehog 2,2022,tt12412888,csv
627,Sonic The Hedgehog 3,2024,tt18259086,csv
630,Spectre,2015,tt2379713,csv
632,Spell,2020,tt10736580,csv
634,Spider-Man 2,2004,tt18351128,normalized
635,Spider-Man 3,2007,tt1132238,normalized
636,Spider-Man: Across the Spider-Verse,2023,tt9362722,csv
637,Spider-Man: Far From Home,2019,tt6320628,csv
638,Spider-Man: Homecoming,2017,tt2250912,csv
639,Spider-Man: No Way Home,2021,tt10872600,csv
640,Spiral: From the Book of Saw,2021,tt10342730,tmdb
641,Split,2016,tt4972582,csv
642,Spotlight,2015,tt1895587,csv
643,Star Trek Beyond,2016,tt2660888,csv
644,Star Trek Into Darkness,2013,tt1408101,csv
645,Star Wars: The Force Awakens,2015,tt10321138,csv
646,Star Wars: The Rise of Skywalker,2019,tt15662564,csv
654,Subservience,2024,tt24871974,csv
655,Suicide Squad,2016,tt1386697,csv
656,Supergirl,1984,tt4016454,omdb_title_only
658,Superman: The Movie,2016,tt5852184,csv
663,Taken 2,2012,tt1397280,csv
664,Taken 3,2014,tt2446042,csv
666,Talk To Me,2022,tt10638522,csv
668,Ted,2012,tt1637725,csv
669,Ted 2,2015,tt2637276,tmdb
670,Teenage Mutant Ninja Turtles,2014,tt1291150,csv
671,Teenage Mutant Ninja Turtles: Out of the Shadows,2016,tt3949660,csv
673,Tenet,2020,tt6723592,csv
676,Terminator Genisys,2015,tt1340138,csv
677,Terminator: Dark Fate,2019,tt6450804,csv
678,Texas Chainsaw,2013,tt1572315,csv
681,The Adjustment Bureau,2011,tt1385826,csv
682,The Age of Adaline,2015,tt1655441,csv
683,The Amazing Spider-Man 2,2014,tt1872181,csv
685,The Batman,2022,tt1877830,csv
687,The Big Short,2015,tt1596363,csv
689,The Black Phone,2021,tt7144666,csv
691,The Boss,2016,tt2702724,tmdb
693,The Bourne Legacy,2012,tt1194173,csv
698,The Boy Next Door,2015,tt3181822,csv
700,The Broken Hearts Gallery,2020,tt2140571,csv
701,The Bye Bye Man,2017,tt4030600,csv
702,The Cabin In the Woods,2011,tt1259521,csv
704,The Call of the Wild,2020,tt7504726,csv
705,The Choice,2016,tt3797868,csv
707,The Conjuring,2013,tt1457767,csv
708,The Conjuring: The Devil Made Me Do It,2021,tt7069210,csv
710,The Courier,2020,tt8368512,csv
715,The Dark Knight Rises,2012,tt1345836,csv
716,The Darkness,2016,tt1878841,csv
721,The Disappearance of Eleanor Rigby: Them,2014,tt3729920,csv
723,The Divergent Series: Insurgent,2015,tt2908446,csv
724,The DUFF,2015,tt1666801,csv
725,The Endless,2017,tt3986820,csv
727,The Expendables,2010,tt1320253,csv
728,The Expendables 2,2012,tt1764651,csv
732,The Fate of the Furious,2017,tt4630562,csv
736,The First Purge,2018,tt6133466,csv
737,The Forest,2016,tt3387542,csv
738,The Gambler,2014,tt2039393,csv
739,The Gentlemen,2019,tt8367814,csv
740,The Gift,2015,tt4178092,tmdb
741,The Girl on the Train,2016,tt3631112,csv
745,The Good Liar,2019,tt5563334,csv
746,The Grand Budapest Hotel,2014,tt2278388,csv
747,The Great Gatsby,2013,tt1343092,csv
748,The Great Wall,2016,tt2034800,csv
749,The Green Inferno,2013,tt2403021,csv
750,The Grey,2011,tt1601913,csv
752,The Guest,2014,tt2980592,csv
753,The Guilt Trip,2012,tt1694020,csv
754,The Gunman,2015,tt2515034,csv
755,The Hangover,2009,tt1119646,csv
756,The Hangover Part II,2011,tt1411697,csv
757,The Happytime Murders,2018,tt1308728,csv
759,The Hateful Eight,2015,tt3460252,csv
760,The Heat,2013,tt2404463,csv
762,The Hitman's Bodyguard,2017,tt1959563,csv
764,The Hobbit: The Battle of the Five Armies,2014,tt2310332,csv
765,The Hobbit: The Desolation of Smaug,2013,tt1170358,csv
766,The Hobbit: The Desolation of Smaug,2013,tt21824192,csv
769,The House With a Clock In Its Walls,2018,tt2119543,csv
770,The Hunger Games,2012,tt1392170,csv
771,The Hunger Games: Catching Fire,2013,tt1951264,csv
772,The Hunger Games: Mockingjay - Part 1,2014,tt1951265,csv
773,The Hunger Games: Mockingjay - Part 2,2015,tt1951266,csv
774,The Hunger Games: The Ballad of Songbirds and Snakes,2023,tt36110019,omdb_title_year
775,The Hunt,2012,tt8244784,csv
776,The Huntsman: Winter's War,2016,tt2381991,tmdb
778,The Internship,2013,tt2234155,csv
779,The Invisible Man,2020,tt1051906,csv
781,The Judge,2014,tt1872194,csv
783,The Last Exorcism,2010,tt1320244,csv
786,The Last Voyage of the Demeter,2023,tt1001520,csv
787,The Last Witch Hunter,2015,tt1618442,csv
788,The Legend of Hercules,2014,tt1043726,csv
789,The LEGO Movie,2014,tt1490017,csv
791,The Lincoln Lawyer,2011,tt1189340,csv
792,The Lion King,1994,tt6105098,csv
794,The Lodge,2019,tt7347846,csv
795,The Loft,2014,tt1850397,csv
796,The Longest Ride,2015,tt2726560,csv
802,The Martian,2015,tt3659388,csv
806,The Maze Runner,2014,tt1790864,csv
807,The Meg,2018,tt4779682,csv
808,The Menu,2022,tt9764362,csv
811,The Mummy,1999,tt2345759,csv
814,The Nice Guys,2016,tt3799694,csv
816,The Northman,2022,tt11138512,csv
817,The Nun,2018,tt5814060,csv
818,The Other Side of the Door,2016,tt3702652,csv
819,The Other Woman,2014,tt2203939,csv
821,The Place Beyond the Pines,2012,tt1817273,csv
826,The Purge,2013,tt2184339,csv
827,The Purge: Anarchy,2014,tt2975578,csv
828,The Purge: Election Year,2016,tt4094724,csv
829,The Revenant,2015,tt1663202,csv
835,The Scorpion King 3: Battle for Redemption,2012,tt1781896,csv
836,The Secret Life of Pets,2016,tt2709768,csv
838,The Shack,2017,tt2872518,csv
841,The Snowman,2017,tt1758810,csv
843,The Space Between Us,2017,tt3922818,csv
844,The Spy Who Dumped Me,2018,tt6663582,csv
845,The Suicide Squad,2021,tt6334354,csv
846,The Super Mario Bros. Movie,2023,tt6718170,csv
848,The Theory of Everything,2014,tt2980516,csv
849,The Three Musketeers Part I: D'Artagnan,2023,tt12672536,csv
850,The Three Musketeers Part II: Milady,2023,tt12672620,csv
853,The Turning,2020,tt7510346,csv
854,The Twilight Saga: Breaking Dawn - Part 1,2011,tt1324999,tmdb
855,The Twilight Saga: Breaking Dawn - Part 2,2012,tt1673434,csv
856,The Unbearable Weight of Massive Talent,2022,tt11291274,csv
857,The Visit,2015,tt3567288,csv
858,The Voices,2014,tt1567437,csv
859,The Way Back,2010,tt1023114,csv
862,The Wolf's Call,2019,tt7458762,csv
863,The Wolverine,2013,tt1430132,csv
864,The Woman In Black,2012,tt1596365,csv
865,The Woman King,2022,tt8093700,csv
867,The World's End,2013,tt1213663,csv
868,The Young Messiah,2016,tt1002563,csv
870,This Is 40,2012,tt1758830,csv
871,This Is the End,2013,tt1245492,csv
873,Thor: Ragnarok,2017,tt3501632,csv
874,Thor: The Dark World,2013,tt1981115,csv
878,Tomorrowland,2015,tt1964418,csv
883,Toy Story 4,2019,tt1979376,csv
884,Tracks,2013,tt2167266,csv
886,Trainwreck,2015,tt3152624,csv
887,Transformers: Age of Extinction,2014,tt2109248,csv
888,Transformers: Dark of the Moon,2011,tt1399103,csv
889,Transformers: The Last Knight,2017,tt3371366,csv
891,Triple 9,2016,tt1712261,csv
892,Trolls World Tour,2020,tt6587640,csv
894,Turbo,2013,tt1860353,csv
896,Twisters,2024,tt12584954,csv
899,Unbroken,2014,tt1809398,csv
900,Uncharted,2022,tt1464335,csv
901,Uncut Gems,2019,tt5727208,csv
902,Underwater,2020,tt5774060,csv
903,Unfriended,2014,tt3713166,csv
905,Up In the Air,2009,tt1193138,csv
906,Upgrade,2018,tt6499752,csv
907,Us,2019,tt6857112,csv
909,Valerian and the City of a Thousand Planets,2017,tt2239822,csv
911,Venom,2018,tt1270797,csv
912,Venom: Let There Be Carnage,2021,tt7097896,csv
913,Vivarium,2019,tt8368406,csv
914,Walk of Shame,2014,tt2463288,csv
915,War for the Planet of the Apes,2017,tt3450958,csv
916,Warm Bodies,2013,tt1588173,csv
917,Water for Elephants,2011,tt1067583,csv
919,We Bought a Zoo,2011,tt1389137,csv
920,We're the Millers,2013,tt1723121,csv
921,Whiskey Tango Foxtrot,2016,tt3553442,csv
923,Wicked,2024,tt1262426,csv
924,Willy Wonka and the Chocolate Factory,2017,tt6803390,csv
925,Winter's Bone,2010,tt1399683,csv
926,Wonder,2017,tt2543472,csv
928,Woodlawn,2015,tt4183692,csv
930,Wreck-It Ralph,2012,tt1772341,csv
932,X-Men,2000,tt14920216,normalized
934,X-Men: Apocalypse,2016,tt3385516,csv
935,X-Men: Dark Phoenix,2019,tt6565702,csv
936,X-Men: Days of Future Past,2014,tt1877832,csv
937,X-Men: First Class,2011,tt1270798,csv
941,Yesterday,2019,tt8079248,csv
943,Zombieland: Double Tap,2019,tt1560220,csv
949,Paddington,2014,tt1109624,tmdb
950,Knock at the Cabin,2023,tt15679400,tmdb
952,Gladiator II,2024,tt9218128,tmdb
953,Oppenheimer,2023,tt15398776,tmdb
955,Fall,2022,tt15325794,tmdb
956,The Ministry of Ungentlemanly Warfare,2024,tt5177120,tmdb
957,Ford v Ferrari,2019,tt1950186,tmdb
961,Abduction,2011,tt1600195,tmdb
962,Alice in Wonderland,2010,tt1014759,tmdb
964,All the Money in the World,2017,tt5294550,tmdb
965,Annabelle Comes Home,2019,tt8350360,tmdb
967,Arthur,2011,tt1334512,tmdb
968,Atomic Blonde,2017,tt2406566,tmdb
969,Back to Black,2024,tt21261712,tmdb
970,A Bad Moms Christmas,2017,tt6359956,tmdb
972,American Sniper,2014,tt2179136,csv
974,Asteroid City,2023,tt14230388,csv
975,By the Sea,2015,tt3707106,csv
977,Hanni & Nanni 4,2017,tt6031104,tmdb
978,Hanni & Nanni 4,2017,tt6031104,tmdb
979,Hanni & Nanni 4,2017,tt6031104,tmdb
980,Hanni & Nanni 4,2017,tt6031104,tmdb
1,Arrival,2016,tt2543164,csv
2,Mad Max: Fury Road,2015,tt1392190,csv
3,The Farewell,2019,tt8637428,csv
