2,12 Angry Men,1957,389
5,2001: A Space Odyssey,1968,62
8,21 Grams,2003,470
13,3:10 to Yuma,1957,14168
19,A Date With Judy,1948,96252
24,A Knight's Tale,2001,9476
25,A League of Their Own,1992,11287
31,A Walk Among the Tombstones,2014,169917
36,Aliens,1986,679
38,American Pie,1999,2105
40,Angel Heart,1987,635
51,Austin Powers In Goldmember,2002,818
52,Austin Powers: International Man of Mystery,1997,816
53,Avatar,2009,19995
57,Back to the Future,1985,105
58,Back to the Future Part II,1989,165
59,Back to the Future Part III,1990,196
62,Basic Instinct,1992,402
63,Batman,1989,268
64,Batman Begins,2005,272
65,Batman Returns,1992,364
69,Behind Enemy Lines,2001,8007
70,Beverly Hills Cop,1984,90
73,Big Trouble In Little China,1986,6978
77,Black Swan,2010,44214
81,Blow,2001,4133
87,Braveheart,1995,197
88,Breakfast At Tiffany's,1961,164
96,By the Light of the Silvery Moon,1953,19590
97,Scenes by the Sea: Takeshi Kitano,2000,802913
105,Carrie,1976,7340
107,Casablanca,1943,289
108,Casino,1995,524
109,Cast Away,2000,8358
111,Charlie and the Chocolate Factory,2005,118
114,Chicago,2002,1574
116,Christine,1958,4956
117,Christmas With the Kranks,2004,13673
119,Clerks,1994,2292
121,Clueless,1995,9603
124,Constantine,2005,561
127,Cool Hand Luke,1967,903
129,Cowboys & Aliens,2011,49849
130,Crank,2006,1948
132,Crash,1996,884
136,"Crouching Tiger, Hidden Dragon",2000,146
138,Cujo,1983,10489
141,Dallas Buyers Club,2013,152532
147,Death Becomes Her,1992,9374
150,Deep Impact,1998,8656
154,Die Another Day,2002,36669
155,Die Hard,1988,562
157,Die Hard: With a Vengeance,1995,1572
159,Lisa Lampanelli: Dirty Girl,2007,17712
171,Dracula Untold,2014,49017
174,Drugstore Cowboy,1989,476
180,Duplex,2003,7288
181,E.T. The Extra-Terrestrial,1982,601
182,Earth Girls Are Easy,1988,2210
185,Edward Scissorhands,1990,162
193,Erin Brockovich,2000,462
197,Eternal Sunshine of the Spotless Mind,2004,38
206,Fantasy Island,2020,539537
209,Ferris Bueller's Day Off,1986,9377
210,Fiddler On the Roof,1971,14811
214,Fight Club,1999,550
215,Final Destination,2000,9532
216,Final Destination 2,2003,9358
217,Final Destination 3,2006,9286
219,Finding Nemo,2003,12
223,Flightplan,2005,9315
224,Footloose,1984,1788
225,Forrest Gump,1994,13
230,Friday the 13th,1980,4488
231,Friday the 13th Part 2,1981,9725
233,Friday the 13th: The Final Chapter,1984,9730
241,Gangs of New York,2002,3131
243,Gentlemen Prefer Blondes,1953,759
247,Ghost,1990,251
249,Ghostbusters,1984,620
251,Ghostbusters II,1989,2978
253,Gladiator,1992,16219
255,Glengarry Glen Ross,1992,9504
257,Godzilla,2014,124905
258,GoldenEye,1995,710
260,Good Will Hunting,1997,489
264,Grease,1978,621
266,Gremlins,1984,927
267,Groundhog Day,1993,137
272,"Hail, Caesar!",2016,270487
273,Hall Pass,2011,48988
276,Hancock,2008,8960
282,Harold & Kumar Go to White Castle,2004,11282
283,Harry Potter and the Chamber of Secrets,2002,672
287,Harry Potter and the Goblet of Fire,2005,674
288,Harry Potter and the Half-Blood Prince,2009,767
289,Harry Potter and the Order of the Phoenix,2007,675
290,Harry Potter and the Prisoner of Azkaban,2004,673
293,Hellboy,2004,1487
300,Holiday Inn,1942,13485
302,Home Alone,1990,771
304,Hook,1991,879
306,Horton Hears a Who!,2008,12222
309,House Party,1990,16094
312,Hugo,2011,44826
315,Ice Age,2002,425
322,Independence Day,1996,602
326,Indiana Jones and the Temple of Doom,1984,87
328,Inglourious Basterds,2009,16869
334,Interstellar,2014,157336
344,It's a Wonderful Life,1946,1585
346,Jack Reacher,2012,75780
351,Jaws,1975,578
359,Joyeux Noel,2005,11661
360,Jumanji,1995,8844
363,Jumper,2008,8247
364,Jurassic Park,1993,329
365,Jurassic Park III,2001,1200709
366,Jurassic World,2015,135397
369,Justice League,2017,141052
372,Kickboxer,1989,10222
387,Lara Croft: Tomb Raider,2001,1995
389,Legally Blonde,2001,8835
393,Lethal Weapon,1987,941
395,Liar Liar,1997,1624
399,Lincoln,2012,72976
401,Little Fockers,2010,39451
403,Live Free or Die Hard,2007,1571
409,Love Actually,2003,508
415,Mad Max,1979,9659
424,Man of Steel,2013,49521
425,Manhunter,1974,100279
427,Master and Commander: The Far Side of the World,2003,8619
429,Mean Girls,2004,10625
433,Memento,2000,77
434,Men In Black,1997,607
436,Men In Black II,2002,608
441,Misery,1990,1700
442,Miss Congeniality,2000,1493
443,Miss Congeniality 2: Armed and Fabulous,2005,10040
450,"Monsters, Inc.",2001,585
457,My Big Fat Greek Wedding,2002,8346
459,My Cousin Vinny,1992,10377
460,My Fair Lady,1964,11113
461,National Lampoon's Christmas Vacation,1989,5825
462,Needful Things,1993,10657
468,No Country for Old Men,2007,6977
480,Ocean's Eleven,2001,161
481,Ocean's Thirteen,2007,298
482,Ocean's Twelve,2004,163
485,One True Thing,1998,53113
489,Out of Africa,1985,606
493,Pan's Labyrinth,2006,1417
501,Pay It Forward,2000,10647
504,Pet Sematary,1989,8913
505,Pi,1998,473
511,"Planes, Trains and Automobiles",1987,2609
512,Pleasantville,1998,2657
513,Poltergeist,1982,609
514,Poltergeist II: The Other Side,1986,11133
517,Practical Magic,1998,6435
519,Prime,2005,2313
520,Prince of Persia: The Sands of Time,2010,9543
525,American Psycho,2000,1359
526,Pulp Fiction,1994,680
527,Pumpkinhead,1988,26515
528,Puss In Boots,2011,83201
529,R.I.P.D.,2013,49524
530,Radio,2003,13920
532,Rambo,2008,7555
533,Rambo III,1988,1370
535,Rambo: First Blood Part II,1985,1369
537,Ran,1985,11645
539,Ratatouille,2007,2062
544,Red Dragon,2002,9533
548,Requiem for a Dream,2000,641
549,Reservoir Dogs,1992,500
550,Resident Evil,2002,133121
552,Resident Evil: Apocalypse,2004,1577
553,Resident Evil: Extinction,2007,7737
559,Rings,2017,91908
565,Roman Holiday,1953,804
574,Saving Private Ryan,1998,857
575,Saw,2004,246355
577,Saw II,2005,215
578,Saw III,2006,214
579,Saw IV,2007,663
585,Schindler's List,1993,424
587,Scream,1996,646385
594,Shakespeare in Love,1998,1934
595,Shaun of the Dead,2004,747
598,Sherlock Holmes,2009,10528
599,Shrek,2001,808
600,Shrek 2,2004,809
601,Shrek Forever After,2010,10192
602,Shrek the Third,2007,810
614,Sixteen Candles,1984,15144
618,Sleepy Hollow,1999,2668
621,Snitch,2013,134411
628,Space Jam,1996,2300
629,Spaceballs,1987,957
631,Speed,1994,1637
633,Spider-Man,2002,315635
647,Stardust,2007,579400
648,Stargate,1994,2164
649,Step Brothers,2008,12133
657,Superman Returns,2006,1452
659,Sweeney Todd: The Demon Barber of Fleet Street,2007,1280646
660,Swingers,1996,93685
661,Taken,2008,8681
665,Tales from the Darkside: The Movie,1990,20701
667,Taxi Driver,1976,103
672,Tenacious D In the Pick of Destiny,2006,2179
674,Terminator 2: Judgment Day,1991,280
675,Terminator 3: Rise of the Machines,2003,296
680,The Addams Family,1991,2907
684,The Amityville Horror,2005,10065
686,The Big Lebowski,1998,115
688,The Birdcage,1996,11000
690,The Blair Witch Project,1999,2667
692,The Bourne Identity,2002,2501
694,The Bourne Supremacy,2004,2502
695,The Bourne Ultimatum,2007,2503
696,The Boxtrolls,2014,170687
697,The Boy Who Saw the Wind,2000,77194
699,The Breakfast Club,1985,2108
703,The Cable Guy,1996,9894
706,The Cider House Rules,1999,1715
709,The Count of Monte Cristo,2002,11362
711,The Curious Case of Benjamin Button,2008,4922
712,The Da Vinci Code,2006,591
713,The Danish Girl,2015,306819
714,The Dark Knight,2008,155
717,The Day After Tomorrow,2004,435
718,The Dead Zone,1983,352128
719,The Descent,2005,9392
720,The Devil Wears Prada,2006,350
726,The English Patient,1996,409
729,The Family Stone,2005,9043
730,The Fast and the Furious,2001,9799
731,The Fast and the Furious: Tokyo Drift,2006,9615
733,The Fifth Element,1997,18
734,The Fighter,2010,45317
742,The Godfather,1972,238
743,The Godfather Part II,1974,240
751,The Grudge,2004,1970
758,The Harvey Girls,1946,28907
763,The Hobbit: An Unexpected Journey,2012,49051
767,The Holiday,2006,1581
768,The Host,2006,1255
777,The Incredibles,2004,9806
780,The Italian Job,2003,9654
782,The Karate Kid,1984,38575
790,The Limey,1999,10388
797,The Lord of the Rings: The Fellowship of the Ring,2001,120
798,The Lord of the Rings: The Return of the King,2003,122
799,The Lord of the Rings: The Two Towers,2002,121
800,The Lost Boys,1987,1405651
801,The Lost World: Jurassic Park,1997,330
803,The Matrix,1999,603
804,The Matrix Reloaded,2003,604
805,The Matrix Revolutions,2003,605
809,The Midnight Meat Train,2008,10185
810,The Mummy,1999,564
812,The Mummy: Tomb of the Dragon Emperor,2008,1735
813,The Neverending Story,1984,34584
815,The Nightmare Before Christmas,1993,9479
820,The Perfect Storm,2000,2133
822,The Polar Express,2004,5255
823,The Possession,2012,77883
824,The Prestige,2006,1124
825,The Princess Bride,1987,2493
830,The River Wild,1994,8987
831,The Rocky Horror Picture Show,1975,36685
832,The Running Man,1987,144299
833,The Sandlot,1993,11528
834,The Santa Clause,1994,11395
837,The Secret Life of Walter Mitty,2013,116745
839,The Shawshank Redemption,1994,278
840,The Shining,1980,694
842,The Sound of Music,1965,15121
847,The Terminator,1984,218
851,The Town That Outlawed Christmas,2000,294877
852,The Truman Show,1998,37165
860,The Wizard of Oz,1939,630
861,The Wolf of Wall Street,2013,106646
866,The World Is Not Enough,1999,36643
869,There's Something About Mary,1998,544
872,Thor,2011,10195
875,Titanic,1997,597
876,Tommy Boy,1995,11381
877,Tomorrow Never Dies,1997,714
879,Top Gun,1986,744
881,Tower Heist,2011,59108
882,Toy Story 3,2010,10193
885,Trading Places,1983,1621
890,Tremors,1990,9362
893,Tropic Thunder,2008,7446
895,Twister: A Musical Catastrophe,2000,1219958
904,Up In Smoke,1978,1208810
908,V for Vendetta,2005,752
910,Vegas Vacation,1997,11419
918,Wayne's World 2,1993,8873
922,Who's Afraid of Virginia Woolf?,1966,396
927,Wonder Woman,2017,297762
929,World War Z,2013,72190
933,X-Men Origins: Wolverine,2009,2080
938,X-Men: The Last Stand,2006,36668
940,xXx,2002,7451
942,Zodiac,2007,1949
945,Sunshine,2007,17771
946,The Fugitive,1993,37368
947,Close Encounters of the Third Kind,1977,840
948,The Green Mile,1999,497
951,Scarface,1983,111
954,American Gangster,2007,4982
958,Clear and Present Danger,1994,9331
959,The Sum of All Fears,2002,4614
960,The Hunt for Red October,1990,1669
963,Alien,1979,348
966,Apollo 13,1995,568
971,Mystic River,2003,322
973,Ant-Man,2015,102899
976,Dirty Harry,1971,984
